cluster_a,label_a,cluster_b,label_b,verdict,reasoning
13,Sacred Landscapes and Christianization,23,Animated Objects and Sacred Landscapes,distinct,"Cluster A focuses on historical Christianization and archaeological sites in Scandinavia, while Cluster B centers on theoretical debates regarding object agency, animism, and cross-cultural comparisons of material culture."
21,Viking-Age Ritual Landscapes and Weapon Depositions,22,Ritual Depositions and Water Sites,same,"Both clusters are dominated by titles explicitly analyzing weapon depositions, ritual offerings at water sites, and the cognitive landscapes of Viking Age Scandinavia."
26,Anglo-Saxon and Medieval Burial Practices,35,Viking Age Burial Practices and Boat Graves,distinct,"While both clusters address burial practices in medieval Europe, Cluster A focuses broadly on Anglo-Saxon England and general conversion-period archaeology including non-Scandinavian examples like Egypt, whereas Cluster B is specifically dedicated to Scandinavian Viking Age boat burials and Iron Age sites."
26,Anglo-Saxon and Medieval Burial Practices,179,Burial Practices and Social Identity,same,"Both clusters focus on the intersection of burial customs, social identity markers like modified teeth or deviant interments, and cultural transitions during the Viking Age to Medieval period in Scandinavia and England."
28,Genetic ancestry and culture contact in the North Atlantic,103,Paleoclimatic variability in the North Atlantic,distinct,"Cluster A focuses on human migration, material culture, and social identity through genetic and archaeological evidence, while Cluster B exclusively addresses natural climate history and paleoclimatic records without discussing human settlement or cultural contact."
29,Religious continuity and Christianization in Scandinavia,89,Christianization and Ecclesiastical Organization in Scandinavia,same,"Both clusters focus on the archaeological and historical processes of religious transition in Scandinavia, specifically detailing Christianization through evidence of burial practices, church foundations, and ritual changes."
35,Viking Age Burial Practices and Boat Graves,179,Deviant Burials and Physical Markers of Identity in Scandinavian Cemeteries,same,"Both clusters focus on Viking Age Scandinavian mortuary practices and identity markers, with Cluster A covering boat burials and general burial sites while Cluster B details specific deviant burial types like prone positions and dental modifications within the same cultural context."
35,Viking Age Mortuary Sites and Boat Burial Traditions,232,Viking Age burial sites and mortuary rituals,same,"Both clusters predominantly feature titles focused on Viking Age burial sites, mortuary practices, and archaeological analysis of graves in Scandinavia, despite one cluster containing a few outlier titles regarding Maya isotopes or drama origins."
60,"Viking Age Urbanism, Trade Networks, and Towns",66,Viking Trade Networks and Naval Power,distinct,"Cluster A focuses specifically on urbanism, town archaeology, and settlement patterns, whereas Cluster B emphasizes broader political economy, migration, naval power, and trade commodities like cod rather than urban centers."
60,"Viking Age Urbanism, Trade Networks, and Towns",116,Medieval Trade Networks and Emporia,distinct,"Cluster A focuses specifically on Viking Age Scandinavian urbanism and local trade hubs like Ribe and Birka, whereas Cluster B contains a heterogeneous mix of topics including Bronze Age battlefields, Neolithic structures, Mediterranean emporia, and religious sites that fall outside the specific temporal and geographical scope of Cluster A."
60,"Viking Age Urbanism, Trade Networks, and Towns",166,Imported goods and trade networks in Viking Age Denmark,same,"Both clusters focus on Viking Age Scandinavia with overlapping core themes of urban centers (Ribe, Haithabu), trade networks, imported goods, and economic activities, indicating they represent a single coherent subject area."
60,"Urban Infrastructure, Craft Production, and Settlement Dynamics",169,Hedeby Urbanism and Long-Distance Trade,same,"Both clusters exclusively focus on Viking Age urban centers, craft production, and trade networks across Scandinavia and the North Atlantic, with Cluster B's specific references to Hedeby serving as a subset of the broader urban and economic themes found in Cluster A."
60,Pan-Scandinavian Urban Origins and Peripheral Economic Adaptations,214,Viking Trade Networks and Central Places,same,"Both clusters focus on the emergence and function of Viking Age urban centers like Ribe and Haithabu as hubs for trade, craft specialization, and central place networks across Scandinavia."
66,Viking Trade Networks and Naval Power,116,Medieval Trade Networks and Emporia,same,"Both clusters focus on early medieval Scandinavian and Northern European economic systems, specifically trade routes, emporia, and commercial activities during the Viking Age."
66,Viking Trade Networks and Naval Power,166,"Imported Goods, Ornamental Art, and External Exchange Patterns",same,"Both clusters center on Viking Age material culture and exchange, specifically highlighting imported goods, ornamental artifacts, and archaeological evidence of trade networks across Northern Europe."
66,"Political Economy, Migration Dynamics, and Naval Strategy",214,Theoretical Frameworks of Early Medieval Trade Networks,same,"Both clusters focus on early medieval Scandinavian trade networks, settlement centers (wics/towns), and archaeological evidence of exchange, despite one cluster including broader political and migration titles."
72,Alpine environmental archaeology and resource exploitation,207,Archaeology of Environmental Change and the Anthropocene,distinct,"Cluster A focuses on specific historical resource exploitation and environmental events in Scandinavian alpine regions during the Viking Age and medieval periods, whereas Cluster B centers on broad theoretical frameworks regarding the Anthropocene, social inequality, and contemporary societal relevance without geographic or temporal specificity."
74,Feasting Rituals and Environmental Change in the North,207,Archaeology of Environmental Change and the Anthropocene,same,"Both clusters center on the intersection of human societal practices and environmental transformation in medieval Scandinavia, with Cluster A focusing on specific Viking Age feasting and Orkney settlement data while Cluster B addresses the broader theoretical framework of anthropogenic change and resilience in the same region."
103,Paleoclimatic variability in the North Atlantic,114,Agriculture and Environmental Sustainability in the North Atlantic,distinct,"Cluster A focuses exclusively on paleoclimatic data and natural climate variability, whereas Cluster B centers on human activities such as farming, settlement, land management, and cultural history within those environments."
103,Paleoclimatic variability in the North Atlantic,199,Norse assembly sites and legal systems in the North Atlantic,distinct,"Cluster A exclusively contains titles focused on paleoclimatic data and environmental history, whereas Cluster B is entirely dedicated to Norse legal institutions, assembly sites, and linguistic studies."
116,Medieval Trade Networks and Emporia,166,Regional Artifact Distribution and Ornamental Exchange Patterns,distinct,"Cluster A contains titles focused on broad economic systems, religious ideologies, and specific non-Scandinavian regions like Jordan and Palestine, whereas Cluster B is exclusively dedicated to the archaeological distribution of specific artifacts, such as brooches and ornaments, within Viking Age Scandinavia."
116,Medieval Trade Networks and Emporia,214,Archaeology of Scandinavian Trading Centers and Exchange Networks,distinct,"Cluster A contains significant non-Scandinavian and non-medieval entries such as Neolithic Jordan, Bronze Age Germany, and Umayyad Palestine, whereas Cluster B is exclusively focused on Viking Age Scandinavia and its immediate trade networks."
165,Social Construction of Norwegian Viking Identity and Ethnicity,179,Deviant Interments and Physical Identity Markers in Scandinavian Cemeteries,distinct,Cluster A focuses on broad socio-political identity formation and inter-ethnic relations while Cluster B is narrowly dedicated to specific physical evidence of deviant burial practices and bodily modifications like modified teeth.
166,Regional Artifact Distribution and Ornamental Exchange Patterns,214,Archaeology of Scandinavian Trading Centers and Exchange Networks,same,"Both clusters focus on Viking Age Scandinavia with overlapping evidence of trade networks, imported goods, and key settlement sites like Haithabu, Ribe, and Uppåkra."
198,Baltic Finns and Swedish Interactions,243,Viking Age interactions in the Eastern Baltic,same,"Both clusters exclusively feature titles focusing on archaeological and historical interactions within the Eastern Baltic region during the Viking Age and early medieval period, covering specific topics like Finnish-Swedish relations, burial rites, and trade networks."
