"round","n_communities","n_singletons","largest_community"
7905,1013,705,149
8185,1264,953,134
8767,1763,1447,114
8984,1946,1628,107
13505,6160,5831,43
13771,6397,6068,41
14046,6640,6311,39
14330,6892,6563,37
14616,7147,6818,35
14907,7406,7077,35
15204,7670,7341,35
15508,7941,7612,35
15827,8222,7893,35
16156,8511,8182,35
16499,8808,8479,33
16852,9109,8780,30
17217,9418,9089,27
17603,9742,9413,24
18003,10075,9746,21
18412,10414,10085,18
18827,10756,10427,15
19246,11101,10772,12
19674,11453,11124,9
20215,11894,11557,5
20507,12151,11796,3
