Timestamp,ID,cite_key,Authors' Genders [Author 1],Authors' Genders [Author 2],Authors' Genders [Author 3],Authors' Genders [Author 4],Authors' Genders [Author 5],Authors' Genders [Author 6],Authors' Genders [Author 7],Authors' Genders [Author 8],Authors' Genders [Author 9],Authors' Genders [Author 10],Authors' Genders [Author 11],Authors' Genders [Author 12],Authors' Genders [Author 13],Authors' Genders [Author 14],Authors' Genders [Author 15],Authors' Genders [Author 16],Authors' Genders [Author 17],Topics [Trade],Topics [Diaspora],Topics [Gender],Topics [Identity],Topics [Violence],Topics [Ethnicity],Topics [Enslaved],Topics [Power],Topics [Worldviews],Topics [Personhood],Topics [Environment],Topics [The Viking ship],Topics [Rituals],Topics [Memory],Topics [Craft],Topics [Outfield resources],Topics [Hunting],Sources of Evidence [Graves and monuments],Sources of Evidence [Hoards],Sources of Evidence [Settlements],Sources of Evidence [Emporia],"Sources of Evidence [Other structures, sites of production or pit systems]",Sources of Evidence [Portable artefacts],Sources of Evidence [Human biological remains],Sources of Evidence [Non-anthropogenic materials],Sources of Evidence [Stray finds],Methods [aDNA],Methods [Biological analyses],Methods [Palaeoenvironment reconstruction],Methods [Stable isotope analysis],Methods [Absolute dating],Methods [Geophysical analyses],Methods [Geochemical analyses],Methods [Spatial analysis],Methods [Artefact analysis],Methods [Literary analysis and epigraphy],Methods [Quantitative or statistical methods],Methods [Discourse analysis],Region,Comments,Topics [Heritage],Sources of Evidence [Written sources],Methods [Relative dating],Sources of Evidence [Ethnographic sources]
2026-02-28 11:32:55,Lia2004,lia2004,Man,,,,,,,,,,,,,,,,,,,Secondary,Secondary,Secondary,,Secondary,Secondary,Primary,Primary,Primary,Secondary,Primary,,,,,Primary,,,Secondary,,Primary,Primary,Secondary,,,Primary,,,,,,Primary,Primary,,Secondary,Secondary,"Kaupang, Oseberg",,,,,Secondary
2026-02-28 11:42:33,GräslundPrice2012,graslund2012,Man,Man,,,,,,,,,,,,,,,,,Primary,,,,,,Primary,Primary,,Primary,,,Primary,,,,Secondary,,Primary,,,,,Primary,,,,Primary,,Primary,,,,,Primary,Primary,Secondary,"Scandinavia, the North",,,Primary,,Secondary
2026-02-28 09:25:54,ArwillNordbladh2008,arwill-nordbladh2008,Woman,,,,,,,,,,,,,,,,,,,Primary,Primary,,,,,Primary,Primary,Primary,,Primary,Primary,,,,Primary,,,,,Primary,Primary,,,Primary,,,,,,,Primary,Primary,Primary,,,"Östergötland, Rök, Aska",,,,Secondary,
2026-02-28 10:28:23,Andrén2002,andren2002,Man,,,,,,,,,,,,,,,,,,,,Secondary,,,,Primary,Primary,,Primary,,Primary,Primary,,,,Primary,Secondary,Primary,,Primary,Secondary,,,,,,,,,,,Primary,,Primary,,,Norden,,,Primary,,
2026-06-29 07:39:09,Hedeager2003,hedeager2003,Woman,,,,,,,,,,,,,,,,,,,,,,,,Primary,Primary,,Primary,,Primary,,,,,Secondary,Primary,Secondary,,,Primary,,Primary,,,,Secondary,,,,,Primary,Secondary,Secondary,Primary,Secondary,South Scandinavia,,,Secondary,Primary,
2026-06-29 08:03:58,Artelius2004,artelius2004,Man,,,,,,,,,,,,,,,,,,,,,,,,,Primary,,Primary,,Primary,Primary,,,,Primary,,Secondary,,,,,,,,,,,Secondary,,,Primary,,Secondary,Secondary,,"Västergötland, West Sweden, Scandinavia",,,Secondary,Secondary,
2026-06-29 08:58:59,Barndon2005,barndon2005,Woman,,,,,,,,,,,,,,,,,,,,Primary,,,,,Primary,,Primary,,Secondary,,Primary,Secondary,,,,,,Primary,Secondary,,Primary,,,,,,,,,Primary,,Primary,,,Scandinavia,,,Primary,,Primary
2026-06-30 07:17:24,Hillerdal2009,hillerdal2009,Woman,,,,,,,,,,,,,,,,,Secondary,Secondary,Primary,Primary,Secondary,Primary,,,Secondary,,,,,,Secondary,,,Primary,,Secondary,,,Primary,,,,,,,,,,,Secondary,Secondary,Secondary,,Primary,Russia,,,Secondary,,
2026-06-30 08:14:44,PriceGräslund2015,price2015,Man,Man,,,,,,,,,,,,,,,,,Secondary,,,,,,,Primary,,Primary,,,Primary,,,,Secondary,Secondary,Secondary,,,Secondary,,Primary,,,,Primary,,Primary,,,Secondary,Secondary,Primary,Primary,,Scandinavia,,,Primary,,
2026-02-27 07:27:35,4410,dobat2006,Man,,,,,,,,,,,,,,,,,,,,,Secondary,,,Primary,Primary,Primary,Primary,Secondary,Primary,,Primary,,,Primary,,Secondary,,,Primary,,Primary,,,,,,,,,,Primary,Secondary,,,"Sutton Hoo, Europe",,,Secondary,,Secondary
2026-02-27 07:17:44,4409,rundkvist2010,Man,,,,,,,,,,,,,,,,,Secondary,Secondary,Secondary,Secondary,,,,Secondary,,Secondary,,,,,Primary,,,Secondary,,Secondary,Secondary,,Primary,,,Secondary,,,,,,,,Primary,Primary,,Primary,,Scandinavia,,,,Primary,
2026-02-27 07:03:49,4408,anderssonstrand2011,Woman,,,,,,,,,,,,,,,,,Primary,Secondary,,Primary,,,,Primary,,,Primary,,,,Primary,,,,,Secondary,Primary,,Primary,,,,,,,,,,,,Primary,,Primary,,"Birka, Hedeby",,,,,
2026-02-27 05:44:23,4401,vesteinsson2012,Man,Man,,,,,,,,,,,,,,,,,Primary,,,,,,Secondary,,,Primary,Secondary,,,,,Secondary,Secondary,,Primary,,Primary,Secondary,,Secondary,Secondary,,,,Secondary,Primary,,,Primary,,Secondary,Primary,,"Iceland, Mývatnssveit",,,Secondary,,Secondary
2026-02-27 05:33:58,4400,ahfeldt2013,Woman,,,,,,,,,,,,,,,,,,,,Secondary,,Secondary,,,Primary,,Primary,,,,Primary,,,Primary,,,,Secondary,,,,,,,,,,,,Primary,Primary,Primary,Secondary,,Gotland,,,,Secondary,
2026-02-27 05:21:13,4399,holst2014,Man,,,,,,,,,,,,,,,,,Secondary,,Secondary,Secondary,,,,Primary,Secondary,,Primary,,Secondary,,Secondary,,,Secondary,Secondary,Primary,,,Secondary,,,,,,,,,,,Primary,,Secondary,Primary,Secondary,South Scandinavia,,,Secondary,,
2026-07-03 08:44:22,4397,puskina2017,Woman,Woman,Woman,,,,,,,,,,,,,,,Secondary,,,Secondary,,,,,,,Primary,,Secondary,,Primary,,,Primary,,Primary,,,Primary,,,,,,,,Primary,,,Primary,Secondary,,Primary,,Gnezdovo,German,,,Primary,
2026-02-27 05:02:32,4396,aannestad2018,Woman,,,,,,,,,,,,,,,,,,Secondary,,Secondary,Primary,Secondary,,Primary,Primary,Primary,,,Primary,,,,,Primary,Secondary,,,,Primary,,,,,,,,,,,Primary,Primary,Primary,Primary,,"Norway, Scandinavia",,,Primary,Primary,Secondary
2026-02-27 04:52:50,4395,andren2000,Man,,,,,,,,,,,,,,,,,,,,Secondary,,,,,Primary,Primary,,,,Primary,Primary,,,Primary,,,,,,,,,,,,,,,,,,Primary,,,Scandinavia,,,,,Secondary
2026-02-26 13:58:07,4394,halewood2001,Man,Man,,,,,,,,,,,,,,,,Secondary,Secondary,,Secondary,Secondary,,,,,,Secondary,Secondary,,,,,,,,Secondary,,Secondary,Secondary,,Secondary,,,,,,,,,,,,,Primary,Europe,Primary source of evidence is interviews with tourists visiting heritage sites.,Primary,,,
2026-02-26 13:45:41,4393,bergstol2004,Man,,,,,,,,,,,,,,,,,Secondary,,Secondary,Primary,,Primary,,Secondary,Primary,Secondary,Primary,,Secondary,,,Secondary,Secondary,Primary,,Primary,,Secondary,Secondary,,Secondary,,,,Secondary,,,,,Primary,Secondary,Secondary,,,South Norway,,,Secondary,,Secondary
2026-02-26 13:28:53,4392,lund2004,Woman,,,,,,,,,,,,,,,,,Secondary,Secondary,,Secondary,Secondary,,,,Primary,Secondary,Primary,,Primary,,,,,Secondary,Primary,,,,Primary,,Secondary,,,,,,,,,Primary,Primary,Secondary,Secondary,Secondary,South Scandinavia,,,Secondary,Primary,
2026-02-26 13:10:18,4391,naum2004,Woman,,,,,,,,,,,,,,,,,Secondary,Primary,Secondary,Secondary,Secondary,Primary,Secondary,Secondary,,,Primary,,,,,,,Primary,Primary,Primary,,,Primary,,,Primary,,,,,,,,Primary,Primary,Secondary,,,"Bornholm, Northwest Slavic area",,,Secondary,,
2026-02-26 12:56:53,4390,staecker2004,Man,,,,,,,,,,,,,,,,,,Secondary,,,,,,Secondary,Primary,,,,,Primary,,,,Primary,,,,,,,,,,,,,,,,Secondary,,Primary,,,Gotland,,,Primary,Primary,
2026-02-26 12:15:14,4389,zachrisson2004,Woman,,,,,,,,,,,,,,,,,,,,,,,,Primary,Primary,Primary,Primary,,Secondary,Secondary,,,,Secondary,Primary,,,,Primary,,Primary,,,,,,,,,Primary,Primary,Secondary,,,Södermanland,,,Secondary,Primary,
2026-02-26 11:56:25,4388,artelius2005,Man,Man,,,,,,,,,,,,,,,,,,,,,,,Secondary,Secondary,Secondary,Primary,,Primary,Primary,,,,Primary,,Secondary,,,Primary,,Primary,,,,,,Primary,,,Primary,Primary,Primary,Secondary,,Västergötland,,,Primary,,Secondary
2026-02-26 09:35:04,4387,lund2005,Woman,,,,,,,,,,,,,,,,,,,Secondary,Secondary,Secondary,,,,Primary,Primary,Primary,,Secondary,,,,,Primary,Primary,Secondary,,Primary,Primary,Secondary,Secondary,,,Secondary,Secondary,,Primary,,,Primary,Primary,Primary,,,"Scandinavia, Zealand, Scania, British Isles",,,Primary,Primary,
2026-02-26 09:15:51,4386,price2005,Man,,,,,,,,,,,,,,,,,,Secondary,Secondary,Secondary,,Primary,,Secondary,Primary,,Primary,,Secondary,Secondary,,,,Secondary,,,,,,,,,,,,,,,,,,,,Primary,Scandinavia,Primary source of evidence is modern literature.,Secondary,Secondary,,
2026-02-26 08:59:24,4383,roslund2005,Man,,,,,,,,,,,,,,,,,Secondary,Secondary,,Primary,,Secondary,,Primary,,,Primary,,,,Primary,,,,Secondary,Secondary,Secondary,,Primary,,,,,,,,,,,Primary,Primary,,,Primary,"East Denmark, Scania, Mälaren, Scandinavia, Slavonic ""homelands""",,,,,Secondary
2026-02-26 08:40:24,4382,andren2006,Man,Woman,,,,,,,,,,,,,,,,,,Secondary,Secondary,Secondary,Secondary,,Primary,Primary,,,,Primary,Primary,,,,Primary,,,,,,,,,,,,,,,,,,Primary,,Secondary,"Scandinavia, Rök",,,,,
2026-02-26 08:26:02,4381,lund2006,Woman,,,,,,,,,,,,,,,,,,,,Secondary,,,,,Primary,Secondary,Primary,,Primary,,Secondary,,,,Primary,,,,Primary,,,,,,,,,,,Primary,Primary,Primary,Secondary,,South Scandinavia,,,Primary,Primary,Secondary
2026-02-26 08:09:04,4380,lundborg2006,Woman,,,,,,,,,,,,,,,,,Secondary,,,,Secondary,,,,Primary,Primary,Secondary,,,,Primary,,,Primary,Secondary,,,,Primary,,,,,,,,,,,,Primary,Primary,,,Scandinavia,,,Primary,,
2026-02-26 06:50:26,4379,pedersen2006,Woman,,,,,,,,,,,,,,,,,,,Secondary,,,,,Primary,Primary,,Primary,,Primary,Primary,,,,Primary,,,,,Secondary,,,,,,,,,,,Primary,,Secondary,Primary,,South Scandinavia,,,Secondary,,
2026-02-26 06:39:49,4378,price2006,Man,,,,,,,,,,,,,,,,,,Secondary,Secondary,,,,,Secondary,Primary,,Secondary,,,,,,,Primary,Secondary,Secondary,,,Primary,,,,,,,,,,,,Primary,Primary,,Secondary,"Rällinge, Eketorp, Lunda, Ramsund, Eyrarland",,,Secondary,,
2026-02-26 06:21:28,4377,tainter2006,Man,,,,,,,,,,,,,,,,,Secondary,Secondary,,,,,,Primary,,,Primary,Secondary,,,Primary,Primary,Primary,,,Primary,,,,,Primary,,,,Primary,,,,,,,Primary,,Primary,,Discussion of overshoot and collapse in various (pre-)historic societies and settlements. 'Norse Greenland' is one of many examples briefly drawn upon. Discard?,,Primary,,
2026-02-26 06:08:48,4376,wickholm2006,Woman,,,,,,,,,,,,,,,,,,,Secondary,Secondary,Secondary,,,Secondary,Primary,Primary,Primary,,Primary,Secondary,,,,Primary,,,,,Primary,Secondary,,,,,,,,,,Primary,Primary,Secondary,,,Häme,,,Secondary,,
2026-02-25 12:20:44,4375,arwill-nordbladh2007,Woman,,,,,,,,,,,,,,,,,,Secondary,,,,,,Primary,,Primary,,,Secondary,Primary,,,,Primary,,,,,,,,,,,,,,,,Secondary,,Primary,,,Rök,,,Primary,Secondary,
2026-02-25 12:10:41,4374,dugmore2007,Man,Man,Man,,,,,,,,,,,,,,,Primary,Primary,,Secondary,,Secondary,,,,,Primary,Secondary,,Secondary,Secondary,Primary,Primary,,,Primary,,Primary,,Secondary,Primary,,,,Primary,Secondary,Primary,,,Primary,,Secondary,Primary,,"Greenland, Iceland",,,Secondary,,
2026-02-25 11:41:34,4373,larsson2007a,Man,,,,,,,,,,,,,,,,,Secondary,,,,,,,Primary,Secondary,,Primary,,Primary,,,,,,,Primary,,,Primary,Secondary,Secondary,Secondary,,,,,Primary,,,Primary,Primary,,,,Uppåkra,,,,Secondary,
2026-02-25 11:28:58,4372,lucas2007,Man,Man,,,,,,,,,,,,,,,,,Primary,,,Secondary,,,Primary,Primary,,Primary,,Primary,,,,,Secondary,,Primary,,,,,Primary,,,,Primary,,Primary,,,Primary,,Secondary,Primary,,Hofstaðir,,,Secondary,,Secondary
2026-02-25 10:36:18,4371,mulk2007,Woman,Man,,,,,,,,,,,,,,,,Secondary,,,Primary,,Secondary,,,Primary,,Primary,,Primary,Secondary,,Secondary,Primary,,,Secondary,,Secondary,,,Primary,,,,,,,,,Primary,,Secondary,,,Badjelánnda,,,Secondary,,
2026-02-25 10:18:04,4370,naum2007,Woman,,,,,,,,,,,,,,,,,,Primary,Secondary,Primary,,Primary,Secondary,Secondary,Secondary,,Primary,,Primary,,,,,Primary,,Primary,,,Primary,,,,,,,,,,,Secondary,Primary,Secondary,,Secondary,Bornholm,,,Secondary,,
2026-02-25 10:00:05,4369,sindbaek2007,Man,,,,,,,,,,,,,,,,,Primary,,,,,,,Primary,,,Primary,,,,,,,,,Primary,Primary,,Primary,,,,,,,,,,,Primary,Primary,,Primary,,Scandinavia,,,,,
2025-11-26 10:00:43,4368,sindbaek2007a,Man,,,,,,,,,,,,,,,,,Primary,Primary,,,,,,,,,,,,,,,,,,Primary,Primary,,Primary,,,,,,,,,,,Primary,,Secondary,Primary,,,,,,,
2026-02-25 09:24:39,4367,andersson2008,Woman,,,,,,,,,,,,,,,,,,,,,,,,,,,Primary,,,,,,,,,Primary,,,,,,,,,,,,,,Primary,,,Secondary,,"Norway, Denmark, Sweden, Finland, Russia",,,,,
2026-02-25 09:47:55,4366,barrett2008,Man,,,,,,,,,,,,,,,,,Primary,Primary,Primary,Secondary,Secondary,Secondary,Secondary,Primary,Primary,,Primary,Primary,Secondary,,Secondary,,,Secondary,Secondary,Secondary,Secondary,,Secondary,,,,,,,,,,,Primary,,Secondary,Secondary,Primary,Scandinavian diaspora,"Primary source of evidence is modern literature. This is an earlier, barely different version of 4321. Discard?",,Secondary,,
2026-02-25 09:17:42,4365,fallgren2008,Man,,,,,,,,,,,,,,,,,,Secondary,,,,,,Primary,Secondary,,Primary,,,,,,,,,Primary,,Secondary,,,,,,,,,,,,Primary,,,Secondary,,Scandinavia,,,,Secondary,
2026-02-24 08:55:37,4357,croix2021,Woman,Woman,,,,,,,,,,,,,,,,Secondary,Primary,,Primary,Secondary,Primary,,Primary,Primary,,Primary,,Primary,,Secondary,,,Primary,,,,,Primary,,,Primary,,,,,,,,Primary,Primary,Secondary,Secondary,Secondary,Danish–Frisian,The PDF-file lacks a name.,,Secondary,,
2026-02-24 08:42:32,4339,gardela2008,Man,,,,,,,,,,,,,,,,,,Primary,Secondary,Primary,,,,Secondary,Primary,Primary,Primary,,Primary,,Primary,,,Primary,,,,,Primary,,,,,,,,,,,Secondary,Primary,Primary,Secondary,Secondary,"Norway, Sweden, Denmark, Iceland, Finland, East Europe, British isles",,,Primary,,
2026-02-24 08:30:06,4338,linderholm2008,Woman,Woman,Man,Woman,,,,,,,,,,,,,,Primary,Primary,Primary,Primary,,,,Primary,,Primary,Primary,,Secondary,,Secondary,,,Primary,,Primary,Secondary,,Primary,Primary,Secondary,,,Primary,Primary,Primary,,,,Primary,Primary,,Primary,,Birka,,,,,
2026-02-24 08:19:26,4337,lund2008,Woman,,,,,,,,,,,,,,,,,Secondary,,,Secondary,,,,,Primary,Secondary,Primary,,Primary,,Secondary,,,Secondary,Primary,,,Secondary,Primary,,,,,,,,,,,Primary,Secondary,Primary,,,South Scandinavia,,,Primary,Secondary,
2026-02-24 08:06:34,4336,myrberg2008,Woman,,,,,,,,,,,,,,,,,,,,,,,,Primary,Primary,,Primary,,Secondary,Secondary,,,,Primary,,Primary,,Primary,,,,,,,,,,,,Primary,,Primary,,,Gotland,,,Primary,,
2026-02-24 07:34:39,4335,price2008a,Man,,,,,,,,,,,,,,,,,,Primary,Secondary,Secondary,Secondary,Secondary,Secondary,Secondary,Primary,Secondary,Primary,Secondary,Primary,Secondary,,,,Primary,,Secondary,,,Secondary,Secondary,Secondary,,,,,,,,,Primary,,Primary,,,Scandinavia,,,Primary,,
2026-02-24 07:20:23,4334,sanmark2008,Woman,Woman,,,,,,,,,,,,,,,,,,,,,,,Primary,Secondary,,Primary,,Primary,Secondary,,,,Primary,,Secondary,,Primary,,,,,,,,,,Primary,,Primary,,Secondary,,,"Sweden, England",,,Secondary,Secondary,
2026-02-24 06:59:25,4333,benderjorgensen2012,Woman,,,,,,,,,,,,,,,,,,,Secondary,,Secondary,,,Secondary,,,Primary,Primary,,,Primary,Secondary,,,,,,,Primary,,Secondary,,,,Secondary,,,,,,,Secondary,Primary,,Scandinavia,,,Secondary,,Primary
2026-02-24 06:49:04,4332,jorgensen2009,Man,,,,,,,,,,,,,,,,,Secondary,,,,,,,Primary,Primary,,Primary,,Primary,,,,,Secondary,Secondary,Primary,,Primary,Primary,Secondary,Secondary,,,,,,Secondary,Secondary,,Primary,Secondary,Secondary,Secondary,,South Scandinavia,,,Secondary,Secondary,
2026-02-24 06:35:56,4331,pentz2009,Man,Woman,Woman,Woman,,,,,,,,,,,,,,Secondary,,Primary,Primary,,,,Primary,Primary,Primary,Primary,,Secondary,,,,,Primary,,Primary,,,Primary,,Primary,,,,Secondary,,,,,Primary,Primary,Secondary,,,Fyrkat,,,Secondary,,
2026-02-24 06:21:29,4330,kershaw2009,Woman,,,,,,,,,,,,,,,,,Secondary,Primary,Primary,Primary,,Primary,,Secondary,,,Primary,,,,Secondary,,,Secondary,Secondary,Primary,,,Primary,,,Primary,,,,,Secondary,,,Primary,Primary,,,,Danelaw,,,,Primary,
2026-02-23 13:13:46,4329,myrberg2009a,Woman,,,,,,,,,,,,,,,,,Primary,,Secondary,,,,,,Secondary,Primary,Primary,,Secondary,,,,,Secondary,Primary,,,,Primary,,,,,,,,Primary,,,,Primary,Secondary,Secondary,,Scandinavia,,,Secondary,Secondary,
2026-02-23 13:06:10,4328,myrberg2009,Woman,,,,,,,,,,,,,,,,,Primary,,Primary,,,,,Secondary,,Primary,Primary,,,,Secondary,,,Secondary,Primary,Secondary,,,Primary,,,,,,,,Primary,,,Secondary,Primary,Secondary,Primary,,Scandinavia,,,Secondary,,
2026-07-03 08:34:59,4327,pedersen2009,Woman,,,,,,,,,,,,,,,,,,Secondary,,,,,,Secondary,Primary,,Secondary,,Secondary,,Primary,,,Secondary,Secondary,Secondary,,,Primary,,,Secondary,,,,,,,,Primary,Primary,Secondary,,,South Scandinavia,German,,Secondary,Secondary,
2026-02-23 12:53:33,4326,pedersen2009a,Woman,,,,,,,,,,,,,,,,,,,,Primary,,,,,Primary,,Secondary,,Primary,,Primary,,,,,,,Primary,Primary,,,,,,,,,,,,Primary,Primary,,Primary,Kaupang,,,Primary,,Secondary
2026-02-23 12:42:12,4325,spangen2009,Woman,,,,,,,,,,,,,,,,,Secondary,,,Secondary,,Primary,,Secondary,Primary,,,,Secondary,,Secondary,,,,Primary,,,,Primary,,,,,,,,Secondary,,,Primary,Primary,Secondary,,,Sami areas,,,Secondary,Primary,
2026-02-23 12:33:15,4324,sutherland2009,Woman,,,,,,,,,,,,,,,,,Secondary,Primary,,Secondary,,Primary,,,,,Primary,,,,Secondary,Secondary,Secondary,,,Primary,,,Primary,,Primary,,,,,,Secondary,,,Primary,Primary,Secondary,,,East Arctic,,,Secondary,,
2026-02-23 11:37:57,4322,androshchuk2010,Man,,,,,,,,,,,,,,,,,Primary,,,Secondary,Secondary,,,Primary,,,Secondary,,,Secondary,Primary,,,Secondary,Secondary,Secondary,,Secondary,Primary,,,,,,,,,,,Primary,Primary,Primary,Primary,,"Denmark, Scania, Schleswig",,,Primary,Secondary,
2026-02-23 11:24:06,4321,barrett2010,Man,,,,,,,,,,,,,,,,,Primary,Primary,Primary,Secondary,Secondary,Secondary,Secondary,Primary,Primary,,Primary,Primary,Secondary,,Secondary,,,Secondary,Secondary,Secondary,Secondary,,Secondary,,,,,,,,,,,Primary,,Secondary,Secondary,Primary,Scandinavian diaspora,Primary source of evidence is modern literature.,,Secondary,,
2026-02-23 11:03:13,4320,halstadmcguire2010,Woman,,,,,,,,,,,,,,,,,Secondary,Primary,Secondary,Primary,,Secondary,,Secondary,Primary,Primary,Primary,Primary,Primary,,,,,Primary,,,,,Secondary,,,,,,,,,,,Primary,Secondary,Secondary,Primary,,"Kaldárhöfði, Vinjum, Scar",,,Secondary,,
2026-02-23 10:43:44,4319,hardh2010,Woman,,,,,,,,,,,,,,,,,Primary,,,Secondary,,,,Primary,Secondary,Secondary,Secondary,,,,Primary,,,Secondary,,Secondary,,,Primary,,,Primary,,,,,Primary,,,Primary,Primary,Secondary,Primary,,Uppåkra,,,Secondary,Primary,
2026-02-23 10:14:26,4318,hedeager2010,Woman,,,,,,,,,,,,,,,,,,,,Secondary,,,,Secondary,Primary,Primary,Secondary,Secondary,Secondary,,Secondary,,,Secondary,,,,,Primary,,,,,,,,,,,,Primary,Secondary,,,Scandinavia,,,Secondary,,
2026-02-23 09:28:52,4317,hillerdal2010,Woman,,,,,,,,,,,,,,,,,Primary,Secondary,,Secondary,,,,Primary,Primary,,Primary,Secondary,Secondary,Secondary,,Secondary,,Secondary,,Primary,Primary,,Secondary,,,,,,,,Secondary,,,Primary,,Secondary,Primary,Secondary,Scandinavia,,,Secondary,,
2026-02-23 09:07:52,4316,holst2010,Man,,,,,,,,,,,,,,,,,Primary,,,,,,,Primary,,,Primary,,Secondary,Secondary,Secondary,Secondary,,,,Primary,,Primary,,,,,,,,,,,,Primary,,Secondary,Primary,,Nørre Snede,,,Secondary,Primary,
2026-02-23 08:54:39,4315,ibsen2010,Man,Man,,,,,,,,,,,,,,,,Primary,Primary,,Primary,,Primary,,,,,Primary,,,,,,,Primary,,Primary,,Primary,Primary,,Primary,,,,,,Primary,Primary,,Primary,Primary,,,,"Wiskiauten, Mohovoe, Kaliningrad",,,,,
2026-02-23 08:41:47,4314,jorgensen2010,Man,,,,,,,,,,,,,,,,,Primary,,,,Secondary,,,Primary,,,Primary,,,,Primary,Secondary,,,,Primary,,Primary,Primary,,,Primary,,,,,Secondary,,,Primary,,Secondary,,,"Gudme, Tissø",,,Secondary,Secondary,
2026-02-23 08:30:40,4313,kalmring2010a,Man,,,,,,,,,,,,,,,,,Primary,,,Secondary,Primary,,,Primary,Secondary,Secondary,Primary,Secondary,,,Primary,,,Primary,,Secondary,Secondary,Secondary,Primary,,,,,,,,,,Secondary,Primary,Primary,Primary,,,"Hedeby, Birka",,,Primary,,
2026-02-23 08:20:48,4312,lund2010,Woman,,,,,,,,,,,,,,,,,,,,Secondary,,,,,Primary,Primary,Primary,,Primary,Secondary,,,,,Primary,,,,Primary,,,,,,,,,,,Primary,,Primary,Secondary,,"Britain, Scandinavia",,,Primary,,
2026-02-23 07:36:45,4311,magnell2010,Man,Woman,,,,,,,,,,,,,,,,,,,,Secondary,Secondary,,,Primary,Primary,Primary,,Primary,,,,Secondary,Primary,,,,,,Secondary,Primary,,,,Primary,,Primary,,,,,Primary,Primary,,Frösö,,,Primary,,
2026-02-23 07:09:30,4310,pluskowski2010,Man,,,,,,,,,,,,,,,,,Secondary,Secondary,,Secondary,Secondary,Secondary,,Secondary,Primary,Primary,,,Primary,,Primary,,Primary,Primary,,,,,Primary,Secondary,Secondary,,,,Secondary,,,,,Secondary,Primary,Secondary,Secondary,,England,,,Secondary,Secondary,
2026-02-23 06:49:47,4309,price2010,Man,,,,,,,,,,,,,,,,,,Primary,,Secondary,Secondary,Secondary,Secondary,Secondary,Primary,Secondary,Primary,Secondary,Primary,Secondary,,,,Primary,,Secondary,Secondary,,Secondary,Secondary,Secondary,,,,,,,,,Primary,,Primary,,,Scandinavia,,,Primary,,
2026-02-23 06:32:16,4308,rosengren2010,Woman,,,,,,,,,,,,,,,,,,,Primary,Primary,Secondary,,,Primary,Secondary,,,,,,Secondary,,,,,,,,Primary,,,,,,,,,,,,Primary,Secondary,,Primary,Uppåkra,,,Secondary,,
2026-02-23 06:21:15,4307,storli2010,Woman,,,,,,,,,,,,,,,,,,,,,,,,Primary,,,Primary,Secondary,,,,,,Secondary,,Primary,,Secondary,,,,,,,,,,,,Primary,,Primary,,,Arctic Norway,,,Primary,,
2026-02-20 14:51:16,4306,feveile2011,Man,,,,,,,,,,,,,,,,,Secondary,,,,,,,,Primary,Secondary,,,,,Primary,,,Secondary,,,Secondary,,Primary,,,Primary,,,,,Secondary,,,Primary,Primary,,Secondary,,Danmark,,,,Secondary,
2026-02-20 14:43:58,4305,fischer2011,Man,Woman,,,,,,,,,,,,,,,,Secondary,,,Secondary,Secondary,,,Secondary,,Secondary,Secondary,,,,Primary,,,Primary,Secondary,,,Primary,Primary,,,,,,,,Primary,,,Primary,Primary,,Primary,,"Mälaren, Helgö",,,,Primary,
2026-02-20 14:32:19,4304,graslund2011,Woman,Man,,,,,,,,,,,,,,,,,,Secondary,Secondary,,,,Primary,Secondary,,Primary,Secondary,Primary,,,,,Primary,,Secondary,,,Primary,Secondary,Secondary,,,,,,Primary,,,Primary,Secondary,,Secondary,,Valsgärde,,,,Secondary,
2026-02-20 13:16:32,4303,gullbekk2011,Man,,,,,,,,,,,,,,,,,Primary,Secondary,,,,,,Secondary,,Secondary,,,,,,,,,,,,,Primary,,,Primary,,,,,,,,Primary,,Primary,Primary,,Iceland,,,Primary,,
2026-02-20 13:10:26,4302,gustafsson2011,Man,,,,,,,,,,,,,,,,,Secondary,Secondary,,,,,,,,Secondary,Secondary,,,Secondary,Primary,,,Secondary,,,Secondary,Primary,Secondary,,,,,,,,Secondary,,,Primary,,Secondary,,Primary,Scandinavia,,,Secondary,Secondary,
2026-02-20 12:58:30,4301,gustafsson2011a,Man,,,,,,,,,,,,,,,,,,,,Secondary,,Secondary,,,,,,,,,Primary,,,,,Secondary,,,Primary,,,Secondary,,,,,,,,,Primary,Secondary,,,Sigtuna,,,Secondary,Secondary,
2026-02-20 12:49:37,4300,kemmers2011,Woman,Woman,,,,,,,,,,,,,,,,Primary,,,,,,,Primary,,,,,,,Secondary,,,Secondary,Secondary,,,,Primary,,,,,,,,,,,Secondary,Primary,Secondary,,Primary,,,,Secondary,,
2026-02-20 12:30:39,4299,leonard2011,Woman,,,,,,,,,,,,,,,,,,Primary,,Primary,,Primary,,,,,Primary,,Secondary,Primary,,,,Primary,Secondary,Primary,,Secondary,Primary,,,,,,,,Secondary,,,Primary,Secondary,Secondary,,,Orkney,,,Primary,Secondary,
2026-02-20 09:52:25,4298,ljungkvist2011,Man,Man,Man,Man,,,,,,,,,,,,,,Secondary,,,,,,,Primary,,Secondary,Primary,Secondary,,,Secondary,Secondary,,Primary,,Primary,,,Secondary,,,Secondary,,,,,Primary,,,Primary,,Secondary,,,Gamle Uppsala,,,Secondary,,
2026-02-20 07:23:45,4297,magi2011,Woman,,,,,,,,,,,,,,,,,Primary,Primary,,Secondary,Secondary,Primary,,Primary,,,Primary,Primary,,,,,,Secondary,,Primary,Primary,,Primary,,,,,,,,,,,Primary,Primary,Primary,,,Baltic Sea,,,Primary,,
2026-02-20 07:03:45,4296,mcleod2011,Man,,,,,,,,,,,,,,,,,Secondary,Primary,Primary,Primary,Secondary,Primary,,,,,Secondary,,,,,,,Secondary,,Secondary,,,Secondary,Primary,,,,Primary,,Primary,,,,Secondary,Secondary,Primary,Primary,Secondary,East England,,,Primary,,
2026-02-20 06:42:59,4295,nielsen2011,Woman,Man,,,,,,,,,,,,,,,,Secondary,,,Secondary,,Primary,,Primary,Secondary,,Primary,Primary,,,,Secondary,Secondary,Secondary,,Secondary,,Primary,Secondary,,Secondary,,,,Secondary,,Primary,,,Primary,,,,,North Norway,,,,Secondary,
2026-02-19 14:08:01,4294,roesdahl2011,Woman,,,,,,,,,,,,,,,,,Secondary,,,Primary,Secondary,,,Primary,Primary,,Primary,Secondary,,Secondary,,,,Primary,,Primary,,,Secondary,,,,,,,,,,,Primary,Secondary,Primary,,,Scandinavia,,,Primary,,
2026-02-19 13:56:31,4293,poulsen2011,Man,Man,,,,,,,,,,,,,,,,Secondary,Secondary,,Secondary,Primary,,Secondary,Primary,Secondary,,Primary,,,Secondary,,,,Secondary,,Primary,,,,,,,,,,,,,,Secondary,,Secondary,,Primary,Scandinavia,,Secondary,Secondary,,
2026-02-19 13:40:52,4292,price2011,Man,Woman,Man,Man,Woman,,,,,,,,,,,,,,Primary,Secondary,Primary,Secondary,,,,,Secondary,Primary,,,,,,,Primary,,Secondary,,,,Primary,Secondary,,,Secondary,,Primary,,,,Primary,,,Primary,,Trelleborg,,,,,
2026-02-19 09:53:50,4291,sindbaek2011,Man,,,,,,,,,,,,,,,,,Primary,Primary,Secondary,Secondary,Primary,,,Primary,,,Secondary,,Secondary,,Secondary,,,Secondary,Primary,Secondary,,,Primary,,,,,,,,,,,Primary,,Primary,Secondary,,Scandinavia,,,Primary,Secondary,
2026-02-19 09:36:53,4290,sindbaek2011a,Man,,,,,,,,,,,,,,,,,Secondary,Secondary,Secondary,Secondary,,,,,,,Secondary,,,,Primary,,,Secondary,,,Secondary,Secondary,Primary,,,,,,,,,,,Secondary,Primary,,Primary,,"Scandinavia, Birka, Ribe",,,,Primary,
2026-02-19 09:22:10,4289,skre2011,Man,,,,,,,,,,,,,,,,,Primary,,,Secondary,Secondary,,,,Secondary,,Primary,,,Secondary,Primary,,,Secondary,Primary,Secondary,Secondary,Secondary,Secondary,,Secondary,,,,,,,,,Primary,Secondary,Primary,,Primary,Scandinavia,,,Primary,,
2026-02-19 08:57:36,4288,skre2011a,Man,,,,,,,,,,,,,,,,,Primary,,,Secondary,,,,,,Secondary,Primary,,,,Primary,Secondary,,,,Secondary,Primary,Primary,Secondary,,Secondary,,,,,,,Secondary,Secondary,Primary,Secondary,,Primary,,Kaupang,,,,,
2026-02-19 08:46:28,4287,skre2011b,Man,,,,,,,,,,,,,,,,,Primary,Primary,,Primary,,Secondary,Secondary,Primary,Secondary,,Primary,,Secondary,,Primary,Secondary,,Secondary,Secondary,Secondary,Primary,Secondary,Primary,,,,,,Secondary,,,,,Primary,Primary,,Secondary,,Kaupang,,,,,
2026-02-19 08:31:36,4285,solli2011,Woman,,,,,,,,,,,,,,,,,,Secondary,,Secondary,,,,,,Primary,Primary,,,,,Secondary,Secondary,,,,,Secondary,Secondary,,Primary,,,,Secondary,,,,,,,,,Primary,,Generally regarding the anthropocene. Discard?,Primary,,,
2026-02-19 07:43:49,4284,ulriksen2011,Man,,,,,,,,,,,,,,,,,Secondary,,Secondary,Secondary,,Secondary,Secondary,Secondary,Secondary,Primary,Primary,,Primary,Secondary,,,,Primary,,,,Secondary,Primary,Primary,Primary,,,,,,,,,Primary,Secondary,Secondary,Primary,,Danmark,,,Secondary,Primary,
2026-02-19 07:33:55,4282,abrams2012,Woman,,,,,,,,,,,,,,,,,Secondary,Primary,,Primary,Secondary,Primary,,Primary,Primary,,Primary,,Secondary,,Secondary,,,Secondary,,Primary,,,Secondary,,,,,,,,,,,Secondary,Secondary,Secondary,,Primary,Viking world,,Secondary,Secondary,,
2026-02-19 07:14:08,4281,arneborg2012,Woman,Man,Man,,,,,,,,,,,,,,,Secondary,Primary,,Secondary,,Secondary,Secondary,Primary,,Secondary,Primary,,,,,Secondary,Primary,Primary,,Primary,,,,Primary,Secondary,,,,Primary,Primary,Primary,,,Secondary,,,Primary,,Greenland,,,,,
2026-02-19 07:02:37,4280,arwill-nordbladh2012,Woman,,,,,,,,,,,,,,,,,,,Primary,Primary,Secondary,,,Primary,Primary,Primary,,,Secondary,Secondary,,,,Secondary,,,,,Primary,Secondary,Secondary,Secondary,,,,,,,,,Primary,Secondary,,Secondary,Scandinavia,,,Secondary,,
2026-02-19 06:42:11,4279,becker2012,Woman,Woman,,,,,,,,,,,,,,,,Secondary,,,,,,,,,Primary,Primary,,,,Secondary,Primary,Primary,,,Primary,Primary,,,,Primary,,,,Primary,Primary,,,,,,,Primary,,"Hedeby, Schleswig",,,,,
2026-02-19 06:28:49,4278,bill2012,Man,Woman,,,,,,,,,,,,,,,,,Secondary,,Secondary,,Secondary,,Primary,Primary,,Primary,Secondary,Secondary,Primary,,,,Primary,,,,,Primary,Secondary,Secondary,,,Secondary,,,Primary,,,,,Primary,Secondary,,"Oseberg, Gokstad",,,Primary,,
2026-02-19 06:05:41,4277,domeijlundborg2012,Woman,Woman,Man,,,,,,,,,,,,,,,,,,Secondary,,,,,Primary,Primary,,,,,Primary,,,,,,,,Primary,,,,,,,,,,,Secondary,,Secondary,,Primary,Scandinavia,,,Secondary,,
2026-02-18 13:50:16,4276,dugmore2012,Man,Man,Man,Woman,Man,Man,,,,,,,,,,,,Secondary,Primary,,Secondary,,,,Primary,,Secondary,Primary,,,,Secondary,Secondary,Secondary,,,Primary,,,,,Primary,,,,Primary,Secondary,,,,,,Secondary,Secondary,Primary,Greenland,One additional male author.,,Secondary,,
2026-02-18 13:41:24,4275,feveile2012,Man,,,,,,,,,,,,,,,,,Primary,Secondary,,,Secondary,,,Secondary,Secondary,,Primary,,,,Secondary,,,Secondary,,Secondary,Primary,Secondary,Secondary,,,,,,,,Primary,,,Primary,,Secondary,,,Ribe,,,Secondary,Primary,
2026-02-18 13:35:35,4274,frei2012,Woman,,,,,,,,,,,,,,,,,Primary,Primary,,,,,,,,,Primary,,,,,,,,,,,,Primary,Primary,Primary,,,,Primary,Primary,,Secondary,,Secondary,,,Primary,,Denmark,,,,,
2026-02-18 13:30:15,4273,frei2012a,Woman,Man,,,,,,,,,,,,,,,,,Primary,,,,,,,,,Primary,,,,,,,Primary,,,,,,Primary,Primary,,,,Primary,Primary,,,,Secondary,,,,,Denmark,,,,,
2026-02-18 13:15:39,4272,glorstad2012a,Woman,,,,,,,,,,,,,,,,,Secondary,Primary,Primary,Primary,Secondary,Primary,,Primary,Secondary,Secondary,Secondary,,Secondary,,Primary,,,Primary,,Secondary,Secondary,,Primary,,,,,,,,,,,Primary,Primary,Secondary,Secondary,,Norway,,,Secondary,Primary,
2026-02-18 12:59:53,4271,helmbrecht2012,Woman,,,,,,,,,,,,,,,,,,,,,,,,,Primary,Primary,,,,,,,,,,Secondary,,,Primary,,,,,,,,,,,,Primary,Secondary,,,Uppåkra,,,Secondary,,
2026-02-18 12:20:31,4268,kalmring2012,Man,,,,,,,,,,,,,,,,,,,,,,,,,,,Primary,,,,,,,Secondary,,Primary,,Secondary,,,,,,,Primary,,,Primary,,Primary,,,,,"Björkö, Birka",,,,,
2026-02-18 11:57:55,4267,knudson2012,Woman,Man,Woman,Man,Man,,,,,,,,,,,,,Secondary,Primary,,Primary,,Secondary,,,,Secondary,Primary,,,,,,,,,Primary,,,,Primary,Primary,,,,Primary,Primary,,,,Primary,,Secondary,Primary,,Dublin,,,Secondary,,
2025-11-26 09:50:47,4266,milek2012,Woman,,,,,,,,,,,,,,,,,,,Primary,,,,Secondary,,,,Secondary,,,,Primary,,,,,Primary,,Primary,,,Primary,,,,,,Secondary,Primary,,Primary,,Secondary,,,Iceland,,,,,
2026-02-18 11:44:06,4264,pollard2012,Man,Man,Man,Man,Woman,Man,,,,,,,,,,,,,Primary,,Primary,Secondary,Secondary,,,,Primary,Primary,,,,,,,Primary,,,,,,Primary,,,,Secondary,Primary,Primary,Primary,,,,,Secondary,Primary,,St John’s College,One additional author. All auhtor first names are abbreviated.,,Secondary,,
2026-02-18 07:51:38,4263,price2012,Man,Woman,Woman,Man,Woman,Woman,Man,Man,,,,,,,,,,Secondary,Primary,Secondary,Primary,,Secondary,,,Secondary,,Primary,,Secondary,,,,,Primary,,Secondary,,,Secondary,Primary,Primary,,,,Secondary,Primary,,,,Primary,Secondary,Secondary,Primary,,Bornholm,"Three additional authors, one female and two male.",,Secondary,Secondary,
2026-02-18 07:32:02,4262,ravn2012,Man,,,,,,,,,,,,,,,,,,,,Primary,,,,,Secondary,Primary,,Primary,,,Secondary,Secondary,Secondary,,,Secondary,Secondary,,Primary,,,,,,,,,,,,Primary,,,Primary,"Hedeby, Pomerania, York",,,,,
2026-02-18 07:05:07,4261,richards2011,Man,Man,,,,,,,,,,,,,,,,Primary,,,,,Secondary,,,,,Primary,,,,Primary,,,,,Primary,,,Primary,,,Primary,,,,,,Primary,,Primary,Secondary,,Primary,,Northumbria,,,,,
2026-02-18 06:52:05,4260,sloth2012,Woman,Woman,Woman,,,,,,,,,,,,,,,,,,,,,,,,,Primary,,,,,Secondary,,Secondary,,Secondary,Secondary,,,,Primary,,,,Primary,,,,,Primary,,,Secondary,,South Scandinavia,,,,,
2026-07-03 08:25:52,4259,tummuscheit2012,Man,,,,,,,,,,,,,,,,,,Primary,,,,,,,,,Primary,,,,,,,,,Primary,,,Primary,,,Primary,,,,,Primary,,,Primary,Primary,Primary,Secondary,,"Norway and Sweden, Denmark",German,,Primary,Primary,
2026-02-18 06:38:17,4258,wicker2013,Woman,,,,,,,,,,,,,,,,,,,,Secondary,,,,,,,,,,,Primary,,,Primary,,,,Primary,,,,,,,,,,,,,Primary,Primary,,,Gotland,PDF-file is different from title.,,Secondary,Secondary,
2026-02-18 06:21:33,4257,andren2013,Man,,,,,,,,,,,,,,,,,,,Secondary,,,,,Secondary,Secondary,,Primary,,Primary,Primary,,,,Primary,,Secondary,,,,,,,,,,,,,,Primary,,Secondary,,,Scandinavia,,,,,
2026-02-17 11:47:32,4256,andren2013a,Man,,,,,,,,,,,,,,,,,,,,,,,,,Primary,,Primary,,Primary,Primary,,,,Primary,,,,,Secondary,,,,,,,,,,,Primary,,,Secondary,Secondary,Scandinavia,,,,,
2026-02-17 11:38:19,4255,boyd2013,Woman,,,,,,,,,,,,,,,,,,Primary,Secondary,Primary,,Primary,Secondary,Secondary,Secondary,,Primary,,,Secondary,Primary,,,Secondary,,Primary,,Primary,Secondary,,,,,,,,,,,Primary,,Primary,Secondary,,Ireland,,,Primary,Secondary,
2026-02-17 11:25:41,4254,christensen2013,Man,,,,,,,,,,,,,,,,,,,,,,,,Secondary,Primary,Primary,,,,,Secondary,,,,,Secondary,,,Primary,,,,,,,,,,,,Primary,Secondary,,,Lejre,,,Secondary,,
2026-02-17 10:29:54,4253,devos2013,Man,Woman,Man,Man,Man,Woman,,,,,,,,,,,,,,,,,,,Secondary,,,Primary,,,,,,,,,Primary,,,Secondary,,Primary,,,,,,Primary,Primary,Primary,Primary,,,Primary,,Antwerp,One additional female author.,,,Secondary,
2026-02-17 10:14:32,4252,dobat2013,Man,,,,,,,,,,,,,,,,,,,,,,,,,,,,,,,,,,,,,,,,,,Primary,,,,,,,,Primary,,,Primary,Primary,Denmark,Concerns general practice and legality of metal-detecting in Denmark. Discard?,Primary,,,
2026-02-17 10:04:19,4251,eriksen2013,Woman,,,,,,,,,,,,,,,,,,,,,,,Secondary,,Primary,Secondary,Primary,,Primary,,,,,Primary,,Primary,,Primary,Secondary,Secondary,Secondary,,,,,,,,,Primary,Secondary,Secondary,,,Scandinavia,,,Secondary,,
2025-11-26 10:02:15,4250,fabech2013,Woman,Man,,,,,,,,,,,,,,,,Secondary,Secondary,,,,,,Secondary,,,Primary,,Primary,,Secondary,,,Primary,Primary,Primary,,,Secondary,,,,,,,,,,,Primary,,Primary,,,South Scandinavia,,,Secondary,Secondary,
2026-02-17 09:43:27,4249,gardela2013,Man,,,,,,,,,,,,,,,,,,Secondary,Secondary,Secondary,Primary,,Secondary,,Primary,Secondary,,,Primary,,,,,Primary,,,,,Secondary,Secondary,Secondary,,,Secondary,,,,,,Primary,,Primary,,,Viking world,,,Primary,,
2026-02-17 09:26:58,4248,gardela2013a,Man,,,,,,,,,,,,,,,,,,Secondary,Primary,Primary,Primary,Secondary,,,Secondary,Secondary,Primary,,Secondary,,,,,Primary,,,,,Primary,Secondary,Secondary,,,Secondary,,,,,,Secondary,Primary,Secondary,Primary,,Scandinavia,,Secondary,Secondary,,
2026-02-17 09:12:35,4247,grupe2013,Woman,Man,Woman,,,,,,,,,,,,,,,Primary,,,,,,,Secondary,,,Primary,,,,Secondary,Secondary,Secondary,Primary,,Primary,Primary,,,Primary,Primary,,,,Primary,Primary,,,,Primary,,,Primary,,"Hedeby, Schleswig",,,,,
2026-02-17 09:03:33,4246,hayeursmith2013,Woman,,,,,,,,,,,,,,,,,Secondary,Secondary,Primary,,,,,Primary,,,Secondary,,,,Primary,,,Secondary,,Secondary,,,Primary,,,,,,,,Primary,,,,Primary,Primary,Primary,,Iceland,,,Primary,,
2026-02-17 07:40:25,4245,artelius2013,Man,,,,,,,,,,,,,,,,,,,,Secondary,,,,,Primary,Secondary,,,Primary,Primary,,,,Primary,,,,Secondary,Secondary,,,,,,,,Secondary,,,Primary,,,Primary,,Southwest Sweden,,,,Secondary,
2026-02-17 07:24:54,4244,arwill-nordbladh2013a,Woman,,,,,,,,,,,,,,,,,Primary,,Primary,Primary,,,,,Primary,Primary,,,,,Secondary,,,,,,,Secondary,Primary,,,,,,,,,,,,Primary,,,,Lejre,,,,,
2026-02-17 07:08:52,4243,arwill-nordbladh2013,Woman,,,,,,,,,,,,,,,,,,,Secondary,Primary,,Secondary,,Secondary,,Primary,,,,Primary,Secondary,,,Primary,,,,Secondary,Primary,,,,,,,,,,,Primary,Primary,,,,Scandinavia,,,,,
2026-02-17 06:51:35,4242,becket2013,Man,Woman,Man,Woman,Woman,,,,,,,,,,,,,,Primary,Secondary,Primary,,Primary,,Secondary,,Primary,Primary,,,Secondary,,,,Primary,,,,,Primary,,Primary,,,Primary,Primary,,Primary,,,Primary,Primary,,,,Cnoc nan Gall,,,,Primary,
2026-02-17 06:31:51,4241,holst2013,Man,Man,Man,Woman,,,,,,,,,,,,,,,Secondary,,,,,,Primary,Primary,,Primary,Secondary,Secondary,Primary,,,,Primary,,Primary,,,,,,Secondary,,,,,,,,Primary,,,Secondary,,Jelling,,Secondary,,Primary,
2026-02-17 06:11:12,4240,ijssennagger2013,Woman,,,,,,,,,,,,,,,,,Primary,Primary,,Primary,Primary,Primary,,Secondary,Secondary,,,Secondary,,,,,,,Primary,,,,Primary,,,,,,,,,,,Secondary,Primary,Primary,,,Frisia,,,Primary,,
2026-02-16 13:17:32,4239,iversen2013,Man,,,,,,,,,,,,,,,,,,,,,,,,Primary,,,Primary,,,Secondary,,,,Secondary,,Primary,,,,,,,,,,,Secondary,,,Primary,,,Primary,Secondary,Southeast Norway,,,Secondary,,
2026-02-16 13:06:00,4238,kovalenko2013,Man,,,,,,,,,,,,,,,,,,Primary,,Primary,Secondary,Secondary,,,,Secondary,Primary,Secondary,,,Secondary,,,Primary,,Primary,,Secondary,Primary,Secondary,Secondary,,,Secondary,,,,,,Primary,Primary,Secondary,,,East Europe,,,Secondary,,
2026-02-16 12:50:14,4237,lund2013,Woman,,,,,,,,,,,,,,,,,,,,Primary,,,,Secondary,Primary,Primary,Primary,,Primary,Secondary,,,,Primary,,Secondary,Secondary,,Primary,Primary,Secondary,,,,,,,,,Primary,Secondary,Secondary,Secondary,,Scandinavia,,,Secondary,,
2026-02-16 12:27:18,4236,macphail2013,Man,Man,Woman,Man,Man,,,,,,,,,,,,,,,,,,,,,,,Primary,Secondary,,,,,,Primary,,Primary,,,,,Primary,,,,Primary,,,Primary,Primary,Primary,,,Secondary,,Vestfold,,,,,
2026-02-16 12:12:02,4235,mannering2013,Woman,,,,,,,,,,,,,,,,,,,Primary,,Secondary,,,,Secondary,,,,,,Primary,,,,,,,,Primary,,,,,,,,,,,,Primary,,,,Lejre,,,,Secondary,
2026-02-16 12:00:18,4234,milek2013,Woman,Man,,,,,,,,,,,,,,,,,,,,,,,,,,Primary,,,,Secondary,,,,,Primary,,,Primary,,Primary,,,,,,Primary,Primary,Primary,Primary,,,,,Reykjavik,,,Secondary,,
2026-02-16 09:55:36,4232,roslund2013,Man,,,,,,,,,,,,,,,,,Secondary,Secondary,Secondary,Primary,,Secondary,,,,,Secondary,,,Secondary,Primary,,,,,Primary,,Primary,Primary,,,,,,,,,,,Secondary,Primary,,Secondary,,Östergötland,,,,Primary,
2026-02-16 09:40:42,4231,sanmark2013,Woman,,,,,,,,,,,,,,,,,,Primary,,,,,,Primary,Secondary,,Secondary,,,Secondary,,,,Secondary,,Secondary,,Secondary,,,,,,,,,,,,Primary,,Primary,,,Shetland,,,Primary,Secondary,
2026-02-16 09:22:04,4230,sanmark2013a,Woman,Woman,Woman,Man,,,,,,,,,,,,,,,Secondary,,,,,,Primary,Secondary,,,,,,,,,,,Secondary,,,,,,,,,,,,,,,,Primary,,,Northwest Europe,This article presents a research project and related journal volumes with brief content overviews of contributed papers. At least some related papers are otherwise included in the BibVik library. Discard?,,Primary,,
2026-02-16 09:12:08,4229,semple2013,Woman,Woman,,,,,,,,,,,,,,,,,,,,,Secondary,,Primary,Secondary,,Primary,,Secondary,,Primary,,,Primary,,Primary,,Primary,Secondary,,Secondary,,,,,,Secondary,,,Primary,,Primary,Secondary,,Northwest Europe,,,Primary,Secondary,
2026-02-16 08:55:53,4228,sheehan2013,Man,,,,,,,,,,,,,,,,,Primary,Primary,Secondary,,Primary,,Secondary,Secondary,Secondary,,Secondary,,,,Secondary,,,Secondary,Secondary,Secondary,,,Primary,,,,,,,,,,,Secondary,,Secondary,,Primary,Norway,,,Secondary,,
2026-02-16 08:09:30,4227,sindbaek2013a,Man,,,,,,,,,,,,,,,,,Primary,Primary,,,,,,,,,Primary,Primary,,,Primary,,,,,Secondary,Secondary,,Primary,,,,,,,,,,,Primary,,,Primary,Secondary,North Sea,,,,,
2026-02-16 07:50:05,4226,sindbaek2013,Man,,,,,,,,,,,,,,,,,,Primary,,Secondary,Secondary,,,Secondary,,,,Secondary,,Secondary,,,,Secondary,,Secondary,Secondary,,,,,,,,,,,,,,,,,Primary,,Primary source of evidence is contemporary discourse.,Primary,Secondary,,
2026-02-16 07:40:28,4225,zori2013,Man,Man,Man,Man,Man,Man,,,,,,,,,,,,Secondary,Secondary,,,,,,Primary,Secondary,,Primary,,Secondary,,Primary,,,,,Primary,,Secondary,Secondary,,Primary,,,,Primary,,Primary,,,Primary,,Secondary,Secondary,,"Iceland, Mosfell",One additional male author.,,Secondary,Secondary,Secondary
2026-02-16 07:10:31,4224,baastrup2014,Woman,,,,,,,,,,,,,,,,,Primary,Primary,,Primary,,Secondary,,Primary,,,Secondary,,,,,,,Secondary,Primary,Primary,Primary,,Primary,,,,,,,,,,,Primary,Primary,,Primary,,Denmark,,,,Primary,
2026-02-16 07:01:57,4223,buckberry2014,Woman,Woman,Woman,Woman,Woman,Woman,Man,Woman,Woman,,,,,,,,,,Primary,Secondary,Primary,,Primary,,,Secondary,,Secondary,,,,,,,Primary,,Primary,,,Secondary,Primary,,,,Primary,,Primary,Primary,,,,Secondary,Secondary,Primary,,"Danelaw, Masham, York","Four additional author, three female and one male.",,Secondary,,
2026-02-16 06:48:50,4222,burstrom2014,Woman,,,,,,,,,,,,,,,,,,,,Secondary,,,,,,Primary,Secondary,,,,,,,,Primary,Secondary,,,Primary,,,,,,,,Secondary,,,,,,,Primary,,,,Primary,,
2026-02-13 10:01:15,4220,voncarnap-bornheim2014,Man,Man,Man,,,,,,,,,,,,,,,Primary,,,,,,,Secondary,,,Primary,Secondary,,,Secondary,,,Secondary,,Primary,Primary,Secondary,Secondary,,,Secondary,,,,Secondary,Primary,Secondary,,Primary,,Secondary,Secondary,Secondary,Hedeby,,Secondary,Secondary,,
2026-02-13 09:47:23,4219,chenery2014,Woman,Woman,Man,Woman,Man,,,,,,,,,,,,,,Primary,,Primary,Primary,,,Secondary,,Primary,Secondary,,Secondary,,,,,Primary,,,,,,Primary,,,,Primary,,Primary,Primary,,,,,Secondary,Primary,,Ridgeway Hill,,,Secondary,,
2026-02-13 09:39:12,4218,fredriksen2014,Woman,Man,,,,,,,,,,,,,,,,Primary,,,,,,,Primary,Primary,Primary,Primary,,Secondary,,Secondary,Primary,Secondary,Primary,,Primary,,Primary,,,,,,,,,Primary,,,Primary,,,,,Sogn,,,,Secondary,
2026-02-13 09:22:54,4217,raninen2014,Man,Woman,,,,,,,,,,,,,,,,Primary,Primary,,Primary,Secondary,Primary,,Secondary,,,Primary,,,,,,,Primary,Secondary,Primary,,,Primary,,,,,,,,,,,Primary,,,,Primary,"Finland, Åland",,Primary,Secondary,,
2026-02-13 09:02:43,4216,gardela2014,Man,,,,,,,,,,,,,,,,,,,,,Secondary,,,,Primary,Primary,Primary,,Primary,,,,,Primary,,,,,Secondary,Primary,,,,Primary,,,,,,Primary,Secondary,Primary,,,"Denmark, Bogøvej",,,Primary,,
2026-02-13 08:36:53,4215,glorstad2014,Woman,,,,,,,,,,,,,,,,,Secondary,Primary,Secondary,Primary,,Primary,,Secondary,Primary,,Primary,,Secondary,,Secondary,,,Primary,Secondary,Secondary,,Primary,Primary,,,,Secondary,,,,,,,Primary,Primary,,,,North Atlantic,,,,,Secondary
2026-02-13 08:22:15,4214,gotfredsen2014,Woman,,,,,,,,,,,,,,,,,Primary,,,,,,,Primary,,Primary,Secondary,,,,Primary,,Primary,,,Secondary,Secondary,,Secondary,,Primary,,,,Primary,,,,,Primary,Secondary,,Primary,,Denmark,,,,,
2026-02-13 08:12:12,4213,gotfredsen2014a,Woman,Woman,Woman,Man,,,,,,,,,,,,,,,,,,Primary,,,Secondary,Primary,,Primary,,Primary,,,,,,,Secondary,,Primary,Primary,Primary,Primary,,,Primary,Primary,Primary,Primary,Secondary,,Primary,Secondary,Secondary,,,Trelleborg,,,Secondary,,
2026-02-13 07:37:19,4212,gullbekk2014,Man,,,,,,,,,,,,,,,,,Primary,Secondary,,,,,,Secondary,,,Secondary,,,,Secondary,,,Secondary,Primary,Secondary,Secondary,,Primary,,,Primary,,,,,Secondary,,,Primary,Secondary,Primary,Primary,,Vestfold,,,Primary,,
2026-02-13 07:21:25,4211,heen-pettersen2014,Woman,,,,,,,,,,,,,,,,,Primary,Primary,Secondary,Secondary,Secondary,Secondary,,Primary,Secondary,,Secondary,,Secondary,,Secondary,,,Primary,,Secondary,,,Primary,,,,,,,Secondary,,,,Primary,Primary,Secondary,,,Trøndelag,,,Secondary,Primary,
2026-02-13 07:07:23,4210,henriksen2014,Man,Woman,,,,,,,,,,,,,,,,,,,,,,,Secondary,,,Secondary,,,,Primary,Primary,,,,Secondary,,Primary,,,Secondary,,,,Secondary,,Primary,,Primary,,,,Primary,,Tissø,,,,,
2026-02-13 06:57:00,4209,vonholstein2014,Woman,Man,Woman,Woman,Man,Woman,Man,Woman,Man,,,,,,,,,Primary,Primary,,,,Secondary,,,,,,,,,Secondary,,,,,,,,Primary,,Primary,,Primary,,Primary,,,,,,Primary,,,,Scotland,Four additional authors include two female and two male.,,,,
2026-02-13 06:45:54,4208,imer2014,Woman,,,,,,,,,,,,,,,,,,,,,,,,Secondary,,,,,,Secondary,,,,Primary,,,,,,,,,,,,,,,,Primary,,Primary,,Secondary,"Denmark, Skåne, Halland, Blekinge, Schleswig",Primary topic is dating and distribution of runestones.,,Primary,Primary,
2026-02-13 06:33:07,4207,jagodzinski2014,Man,,,,,,,,,,,,,,,,,Primary,Primary,,Secondary,,Primary,,Primary,,,Primary,Secondary,,,Secondary,,,Primary,,Primary,Primary,,Primary,,,,,,,,,,,Primary,Primary,,,,West-Balts,,,,Primary,
2026-02-13 06:19:56,4206,jessen2014,Man,Man,Woman,Man,Woman,,,,,,,,,,,,,,Secondary,,,,,,Primary,Secondary,,Primary,,,,,,,Secondary,,Primary,,,,,,,,,,,Primary,,,Primary,,,,,Jelling,,,,Secondary,
2026-02-12 12:27:09,4204,lynnerup2014,Man,,,,,,,,,,,,,,,,,Secondary,Primary,,,,,,,,,Primary,,,,,,,,,Primary,,,,,,,,,,,,,,Secondary,,Primary,Primary,,Greenland,,,Primary,,
2026-02-12 12:20:18,4203,montgomery2014,Woman,Man,Woman,Woman,Man,Man,Man,,,,,,,,,,,,Primary,Primary,Primary,Secondary,Secondary,,Secondary,,,Secondary,,,,,,,Primary,,Secondary,,,Secondary,Primary,,,,,,Primary,,,,Primary,Secondary,Secondary,Primary,,"Dublin, Orkney, Britain",One additional male author.,,Secondary,,
2026-02-12 11:20:58,4202,naumann2014,Woman,Woman,Man,Woman,,,,,,,,,,,,,,,,,Primary,Secondary,Secondary,Primary,Primary,,Primary,Secondary,,Secondary,,,Secondary,,Primary,,,,,Secondary,Primary,Primary,,Primary,,Primary,Primary,,,,,,,,,Flakstad,,,,Secondary,
2026-02-12 11:14:08,4201,oye2014,Woman,,,,,,,,,,,,,,,,,,,,,,,,Secondary,,,Primary,Secondary,,,Primary,Secondary,,Primary,,,,Primary,Primary,,,,,,,,,,,Primary,Primary,,Primary,,Norway,,,,Secondary,
2026-02-12 10:32:07,4198,price2014b,Man,,,,,,,,,,,,,,,,,,,,,Secondary,,,Primary,Secondary,,Primary,,Primary,,,,,Primary,,,,Secondary,,Secondary,Secondary,,,,,,,,,Primary,,Primary,,,Scandinavia,,,Primary,,
2026-02-12 10:23:40,4197,price2014,Man,,,,,,,,,,,,,,,,,,Primary,,Primary,Primary,,,Primary,Primary,,Secondary,,,,,,,,,Secondary,,,,,,,,,,,,,,Secondary,,Primary,,Primary,,,Primary,Primary,,
2026-02-12 09:23:33,4196,price2014c,Man,Woman,,,,,,,,,,,,,,,,,Primary,,Primary,,,,,,,,,,,,,,Secondary,,Secondary,,,,Primary,Secondary,,,,Secondary,Primary,,,,,,,,,"Norway, North Atlantic",,,,,
2026-02-12 09:14:34,4195,price2014d,Man,Woman,Woman,Woman,Woman,,,,,,,,,,,,,,Primary,Secondary,Primary,,,Secondary,Secondary,Secondary,,Primary,,,,,,,Primary,,Secondary,,,Secondary,Primary,Secondary,,,,Secondary,Primary,Primary,,,Secondary,Secondary,,,,Funen,,,,Secondary,
2026-02-12 09:03:12,4194,raffield2014,Man,,,,,,,,,,,,,,,,,,Primary,,,Secondary,Secondary,,Secondary,Primary,,Primary,,Primary,,Secondary,,,,Primary,,,,Primary,,,,,,,,,,,Primary,Secondary,Secondary,,,England,,,Secondary,,
2026-02-12 08:40:43,4191,sindbaek2014,Man,,,,,,,,,,,,,,,,,,Primary,Secondary,,,,,Secondary,Primary,,,,,,Primary,,,Secondary,,,,,Primary,,,,,,,,,,,Secondary,Primary,Secondary,,,Scandinavia,,,Secondary,,
2026-07-03 08:11:29,4190,sovso2014,Man,,,,,,,,,,,,,,,,,Secondary,,,Secondary,,,,,Primary,,Primary,,,,,,,Primary,,Primary,Primary,,Primary,Primary,,,,Primary,,,Primary,,,Primary,,Secondary,Secondary,,Ribe,German,,Secondary,Secondary,
2026-02-12 08:20:55,4189,trinks2014,Man,Man,Man,,,,,,,,,,,,,,,Secondary,,,,,,,,,,Primary,Secondary,,,,,,Secondary,,Primary,,Secondary,,,,,,,,,,Primary,,Primary,,,,,Birka,,,,,
2026-07-03 07:55:54,4188,tummuscheit2014,Woman,Woman,,,,,,,,,,,,,,,,,,,,,,,,,,Primary,,,,,,,,,,,Primary,,,,,,,,,Primary,,,Secondary,,,,,Danevirke,German,,,Secondary,
2026-02-12 08:07:47,4187,vesteinsson2014,Man,Man,Man,Man,,,,,,,,,,,,,,Secondary,Secondary,,,,,,Secondary,,,Primary,,,,Secondary,Secondary,Secondary,,,Primary,,,,,Primary,,,,Primary,,Primary,,,Primary,,Primary,,,"Iceland, Krókdalur",,,Primary,,
2026-02-12 07:30:08,4186,williams2014,Man,,,,,,,,,,,,,,,,,Primary,Secondary,,,,Secondary,,Primary,,,Secondary,,,,Secondary,,,,Primary,Secondary,,,Primary,,,Primary,,,,,Primary,,,Secondary,Primary,Primary,,Secondary,England,,,Primary,Primary,
2026-02-12 07:19:43,4185,williams2014a,Man,,,,,,,,,,,,,,,,,,Secondary,,Primary,,,,Primary,Primary,,Primary,Secondary,Primary,Primary,,,,Primary,,Secondary,,,Secondary,,Secondary,,,,,,,,,Primary,,Secondary,,,Skamby,,,Secondary,Secondary,
2026-02-12 06:59:05,4184,zachrisson2014a,Woman,,,,,,,,,,,,,,,,,,Secondary,Secondary,,,,Secondary,Secondary,,,Primary,,Primary,,Primary,Secondary,,,,Primary,,,Primary,,Primary,,,,,,,,,Primary,,Primary,,,Sweden,,,Primary,Secondary,
2026-02-12 06:44:50,4183,zachrisson2014,Woman,,,,,,,,,,,,,,,,,Secondary,,,,,,,Secondary,Primary,,Primary,Secondary,Primary,,,,,,,Primary,,Primary,Secondary,,Secondary,,,,Secondary,,Primary,,,Primary,Secondary,,,,Middle Sweden,,,,Secondary,
2026-02-12 06:21:23,4182,ahfeldt2015,Woman,,,,,,,,,,,,,,,,,Secondary,Primary,,Primary,,,,,,,,Secondary,,,Primary,,,Primary,,,,,Secondary,,,,,,,,,,,Secondary,Primary,Primary,,,Gotland,,,Secondary,Primary,
2026-02-10 10:52:11,4181,ambrosiani2015,Man,Woman,,,,,,,,,,,,,,,,Primary,,,,,Secondary,,,,,Secondary,,Secondary,,Secondary,,,Secondary,Primary,Secondary,Secondary,,Primary,,,,,,,,Primary,,,,Primary,Secondary,,,Birka,,,Secondary,,
2026-02-10 10:44:23,4180,ashby2015,Man,,,,,,,,,,,,,,,,,Secondary,Secondary,,Secondary,Secondary,,,Primary,,,,Secondary,,,Primary,,,,Secondary,,,,Primary,,,,,,,,,,,,,,,,"England, Scandinavia","PDF-file is the same as 4179, does not match the title of 4180.",,,,Secondary
2026-02-10 10:41:13,4179,ashby2015a,Man,Woman,Man,,,,,,,,,,,,,,,Primary,Primary,,Secondary,,,,Secondary,,,,Secondary,,,Primary,Secondary,Secondary,Secondary,,Primary,Primary,Secondary,Primary,,Primary,,,,Primary,,,,Primary,Secondary,,,Primary,,"North Europe, Scandinavian Peninsula",,,,,
2026-02-10 10:31:31,4178,baug2015a,Woman,,,,,,,,,,,,,,,,,Secondary,,,Secondary,,,,,,,Secondary,,Secondary,,Primary,,,Secondary,,Secondary,,,Primary,,Secondary,,,,Secondary,,,,,Primary,Secondary,Secondary,,,Scandinavia,,,Secondary,Secondary,
2026-02-10 10:21:12,4177,carver2015,Man,,,,,,,,,,,,,,,,,Primary,,,,,,Secondary,Primary,Primary,,,,Secondary,,Secondary,,,Secondary,Secondary,Primary,Primary,Secondary,Secondary,,,,,,,,,,,Primary,,,Secondary,Primary,Europe,,,,,
2026-02-10 10:09:10,4176,croix2015,Woman,,,,,,,,,,,,,,,,,Primary,Secondary,,,,,,Secondary,,,Primary,,,,Secondary,,,,,Secondary,Primary,Secondary,Primary,,,,,,,,Primary,,,Primary,,,Secondary,,Ribe,,,,Primary,
2026-02-09 12:05:55,4175,downham2016,Woman,,,,,,,,,,,,,,,,,Primary,Primary,,Primary,,Primary,,Secondary,Secondary,,Primary,,Secondary,,Secondary,,,,,Primary,,,Secondary,,Secondary,,,,,,,,,Primary,Secondary,Secondary,,,Ireland,,,Secondary,Secondary,Primary
2026-02-09 11:52:44,4173,draganits2015,Man,Man,Man,Man,Man,Man,Man,Man,,,,,,,,,,,,,,,,,Secondary,,,Primary,Secondary,,,,,,Primary,,,,Primary,,,Primary,,,,Primary,,,Primary,,Primary,,Secondary,,,Borre,"Three additional authors of unknown gender, all author first names are abbreviated.",,Secondary,,
2026-02-09 11:37:34,4172,feveile2015,Man,,,,,,,,,,,,,,,,,,,,,,,,,,,,,,,,,,,,,,,,,,Primary,,,,,,,,Primary,Secondary,,,Primary,"Danmark, Norge, Sverige",Primary topic is discourse and laws regarding metal-detecting. Discard?,Primary,,,
2026-02-09 11:27:06,4171,frei2015,Woman,Woman,Man,Woman,Man,Woman,Man,Man,Man,Man,Man,Woman,Man,,,,,Primary,Primary,,,,Secondary,,Secondary,,,,Secondary,,,Secondary,,Primary,,,Primary,Secondary,,,,Primary,,,,Primary,Primary,Primary,,Primary,Primary,,Secondary,Primary,,"Greenland, Iceland",Eight additional authors include two female and six male.,,Secondary,,
2026-02-09 11:11:39,4170,gardela2015,Man,,,,,,,,,,,,,,,,,Primary,Primary,,,,Primary,,Secondary,Secondary,,Primary,,Secondary,,Primary,Secondary,,Primary,Secondary,Primary,Primary,,Primary,,Secondary,Secondary,,,,,,,,Primary,Primary,Secondary,,Secondary,Poland,,Primary,Secondary,Secondary,
2026-02-09 10:47:04,4169,glorstad2015,Woman,Woman,,,,,,,,,,,,,,,,Secondary,Secondary,Secondary,,,,,Secondary,,Secondary,,,Secondary,Primary,Primary,,,Secondary,,,,,Primary,,,,,,,,,,,Primary,Primary,Secondary,,,Scandinavia,,,Secondary,Primary,
2026-02-09 10:35:03,4168,gustavsson2015,Man,Man,Man,,,,,,,,,,,,,,,Primary,,,,,,,Secondary,,,Secondary,,,,Primary,Secondary,Secondary,Secondary,,,,,Primary,,Primary,,,,Primary,,Primary,,,,Primary,,,,Gnista,,,,Secondary,
2026-02-09 10:24:36,4167,harrison2016,Man,,,,,,,,,,,,,,,,,,Primary,Secondary,,Secondary,Primary,,Secondary,,,Primary,,Primary,,,,,Primary,,,,,Primary,,,,,Secondary,,,,,,Primary,,Secondary,Primary,Secondary,"Britain, Ireland",,,Secondary,Secondary,
2026-02-09 10:14:35,4165,hedenstierna-jonson2015,Woman,,,,,,,,,,,,,,,,,Secondary,,Secondary,Primary,,,,Primary,,Primary,,,Secondary,,,,,Primary,,,,,Primary,Primary,Secondary,,,Primary,,Primary,,,,Primary,,,Secondary,Secondary,Birka,,,,,
2026-02-09 10:04:56,4164,ijssennagger2015,Woman,,,,,,,,,,,,,,,,,Secondary,Primary,,,Secondary,Primary,,,Secondary,,Primary,,,,,,,,Secondary,Secondary,,,Secondary,,,Primary,,,,,,,,Primary,Primary,Secondary,Secondary,,Texel,,,Secondary,Primary,
2026-02-09 09:48:10,4162,iversen2015,Man,,,,,,,,,,,,,,,,,,Secondary,,,,,,Primary,,,Primary,Secondary,Secondary,,,Secondary,,,,Primary,,Secondary,,,,,,,,,Secondary,Secondary,,Primary,,Primary,,Secondary,Scandinavia,,,Primary,Secondary,
2026-02-09 09:33:42,4161,kastholm2015,Man,,,,,,,,,,,,,,,,,,,,,,,,,,Secondary,Secondary,,,,Primary,,,,,Secondary,,,Primary,,,,,,,,,,,Secondary,Primary,,,,Vindinge,,,,,
2026-02-09 09:21:17,4160,kelly2015,Man,,,,,,,,,,,,,,,,,Secondary,Primary,,,Primary,Primary,,,,,Primary,Primary,Secondary,,Secondary,,,Secondary,,Primary,,,Secondary,Secondary,Secondary,Secondary,,,Secondary,,Secondary,,,Primary,,Primary,Secondary,,Ireland,,,Primary,Secondary,
2026-02-09 07:55:23,4159,kristjansdottir2015,Woman,,,,,,,,,,,,,,,,,,Primary,Secondary,,,,,Primary,Primary,,Primary,,Primary,,,,,Secondary,,Primary,,,Secondary,Secondary,,,,Secondary,,,,,,Primary,,Primary,,Primary,Iceland,,,Primary,,
2026-02-09 07:36:52,4158,leslie2015,Man,Man,Man,Man,Man,Woman,Woman,Woman,Man,Man,Man,Man,Man,Man,Man,Man,Man,,Primary,,,,Primary,,,,,Primary,,,,,,,,,,,,,Primary,,,Primary,,,,,,,,,,Primary,,Britain,"13 additional authors include two female, nine male and two organisations (other).",,,,
2026-02-09 07:22:21,4157,krzewinska2015,Woman,Woman,Man,Man,Man,Man,Woman,,,,,,,,,,,Secondary,Primary,Secondary,Secondary,Secondary,Secondary,,,Secondary,,Secondary,,Secondary,,,,,Secondary,,Secondary,,,,Primary,,Secondary,Primary,,,,,,,Primary,,,Primary,,Norway,Additonally one female and one male author.,,,,
2026-02-09 06:59:58,4156,ljungkvist2015,Man,Man,,,,,,,,,,,,,,,,Primary,Secondary,,,,,,Primary,Secondary,,Primary,,Secondary,,Secondary,,,Primary,,Primary,,Primary,Secondary,,Secondary,,,,,,Primary,,,Primary,,Primary,,Secondary,Uppsala,,,Primary,Primary,
2026-02-09 06:46:40,4155,lund2015,Woman,,,,,,,,,,,,,,,,,Secondary,,,,,Secondary,,,Primary,Primary,Primary,,Primary,,Secondary,Secondary,,Secondary,,Secondary,,,Primary,,Secondary,,,,,,,,Secondary,Primary,Primary,,,Secondary,"North Norway and Sweden, South Scandinavia",,,,Primary,
2026-02-09 06:14:18,4154,magi2016,Woman,,,,,,,,,,,,,,,,,Primary,Primary,,,Secondary,Secondary,,Primary,,,Primary,Primary,,,Secondary,,,Secondary,,Primary,Primary,,Secondary,,,,,,,,,,,Primary,,Primary,,Secondary,East Baltic,,,Primary,,
2026-02-09 06:05:45,4153,burstrom2015,Woman,,,,,,,,,,,,,,,,,,,Secondary,,,Secondary,,Primary,,Primary,Secondary,Secondary,Secondary,,Primary,,,Primary,,,,,Primary,,,,,,,,,,,,Primary,Primary,,,Scandinavia,,,Primary,,
2026-02-04 08:44:52,4152,pedersen2015,Woman,,,,,,,,,,,,,,,,,Primary,,Secondary,Primary,,,,,,,Primary,,,,Primary,Secondary,,Secondary,,,Primary,Primary,Primary,,,,,,,,,,Primary,Primary,Primary,,,,Kaupang,,,,Secondary,
2026-02-04 08:31:05,4151,osullivan2015,Woman,,,,,,,,,,,,,,,,,Secondary,Primary,Primary,Primary,,,,Secondary,,,Secondary,,Secondary,,,,,Primary,,Secondary,Secondary,,Primary,Secondary,,,,Secondary,,,,,,Secondary,Primary,,,,Viking world,,,,,
2026-02-04 08:18:19,4150,price2014a,Man,,,,,,,,,,,,,,,,,Secondary,Primary,Secondary,Secondary,Secondary,Secondary,,Secondary,Secondary,,,,Secondary,,,,,,,,,,Secondary,,,,,,,,,,,,,,,Primary,,Primary source of evidence is modern discourse.,Primary,,,
2026-02-04 08:09:14,4149,roslund2015,Man,,,,,,,,,,,,,,,,,Primary,,,,,,,Primary,,,,,,,Secondary,,,,Secondary,,Primary,,Primary,,,,,,,,Secondary,,,Primary,Secondary,Primary,,,"Sigtuna, Birka, Kyivan Rus",,,Primary,Secondary,
2026-02-04 07:53:16,4148,rundkvist2015,Man,Man,,,,,,,,,,,,,,,,,Secondary,,,,,,Primary,,Secondary,Primary,,,,,,,Primary,,Primary,,,,,Secondary,,,,,,Secondary,Primary,,Primary,,,,Secondary,Aska,,,Secondary,Secondary,
2026-02-04 07:40:43,4147,steinforth2015b,Man,,,,,,,,,,,,,,,,,Secondary,Primary,,,Secondary,Primary,,Secondary,Secondary,,Primary,Secondary,Primary,,,,,Primary,Secondary,Primary,,,,,,,,,,,,,,Primary,,Primary,,Primary,Isle of Man,,Primary,Primary,,
2026-02-03 09:22:32,4146,sutherland2015,Woman,Man,Woman,,,,,,,,,,,,,,,,Primary,,,,Primary,,,,,Secondary,,,,Primary,,,,,Secondary,,,Primary,,,,,,,,Primary,,Primary,Secondary,Primary,,Primary,,Arctic Canada,,,,,
2026-02-03 09:16:52,4145,toplak2015,Man,,,,,,,,,,,,,,,,,Secondary,,Secondary,Primary,Secondary,,,,Primary,,,,Primary,,,,,Primary,,,,,,Primary,,,,Primary,,,,,,,,Secondary,,,Kopparsvik,,,Secondary,,
2026-02-03 09:11:14,4144,warmlander2015,Man,Woman,Man,Man,Man,Man,,,,,,,,,,,,Primary,Primary,,,,,,,Secondary,,,,,,Primary,,,,,Secondary,Secondary,,Primary,,,,,,,,,,Primary,,Primary,Secondary,,,Birka,One additional male author.,,Secondary,,
2026-02-03 08:52:35,4143,williams2015,Man,,,,,,,,,,,,,,,,,Primary,Secondary,,,Secondary,,,Primary,,,Primary,Secondary,,,Secondary,,,Secondary,,Primary,,,Primary,,,Secondary,,,,,Secondary,,,Primary,Primary,Primary,,,"Britain, Ireland",,,Primary,Secondary,
2026-02-03 08:43:08,4142,backdanielsson2016,Woman,,,,,,,,,,,,,,,,,,Secondary,,,,,,,Secondary,,Primary,,Primary,Primary,,,,Primary,,,,,,,,,,,,,,,,Primary,,Primary,Secondary,Primary,Viking world,,,,,
2026-02-03 08:32:06,4140,sindbaek2016,Man,,,,,,,,,,,,,,,,,Primary,Primary,,,,Secondary,,,,,,,,,Secondary,,,,,Primary,,,Primary,,,,,,,,,,,Primary,,,,,"Britain, Ireland",,,Secondary,,
2026-02-03 08:23:08,4139,skre2016,Man,,,,,,,,,,,,,,,,,Primary,,,,,,,Primary,,,Primary,,,,Primary,,,,Primary,Primary,Primary,,,,,,,,,,Secondary,,,Primary,,,,Secondary,Scandinavia,,,,Secondary,
2026-02-03 08:11:26,4138,bill2016,Man,,,,,,,,,,,,,,,,,,,,,Secondary,,,Primary,Secondary,Primary,,Secondary,Primary,,,,,Primary,,,,,Primary,,,,,,,,Primary,,,Primary,Primary,Primary,,,Oseberg,,,Primary,,
2026-02-03 08:02:31,4137,bonde2016,Man,Man,,,,,,,,,,,,,,,,,Primary,,,,,,Primary,,,Primary,Primary,Primary,,,,,Primary,,,,,,,Primary,,,,Primary,,Primary,,,Primary,,,,,"Sutton Hoo, Karmøy",,,,,
2026-02-03 07:01:36,4135,cannell2016,Woman,Man,Woman,,,,,,,,,,,,,,,Secondary,,,,Secondary,,,Secondary,,,Primary,,,,Secondary,,,,,Primary,,,,,Secondary,,,,,,Secondary,,Primary,Primary,,,Primary,,Avaldsnes,,,,Secondary,
2026-02-03 06:48:51,4134,catlin2016,Woman,,,,,,,,,,,,,,,,,Secondary,Secondary,,,,,,,,,Primary,,,,Secondary,Secondary,,,,Primary,,,,,Primary,,,,Primary,,Primary,,,,,,,,Iceland,,Primary,,,
2026-02-03 06:36:25,4132,croix2016,Woman,,,,,,,,,,,,,,,,,Secondary,Primary,,Primary,,Primary,,,Secondary,,,Secondary,,,,,,,,Secondary,,,Secondary,,,,,,,,,,,,,,,Primary,North Europe,Primary source of evidence is modern literature.,Primary,Secondary,,
2026-02-03 06:27:21,4131,eriksen2016a,Woman,,,,,,,,,,,,,,,,,,,Secondary,,,,,Primary,Primary,Primary,Primary,,Primary,Primary,,,,Primary,,Primary,,,Secondary,,,,,,,,,,,Primary,Secondary,Secondary,,,Scandinavia,,,Secondary,,
2026-02-03 06:16:46,4130,fahlander2016,Man,,,,,,,,,,,,,,,,,,,,,,,,Secondary,Primary,Secondary,Primary,,Primary,Primary,,,,Primary,,,,,Secondary,Secondary,Secondary,,,,,,,,,Primary,,Secondary,Secondary,,South Sweden,,,Secondary,,
2026-02-03 06:03:43,4129,gustafsson2016,Man,,,,,,,,,,,,,,,,,Primary,,,,,,,,,,,,,,Primary,,,,,Secondary,,,Primary,,Primary,Primary,,,,,Primary,,,,Secondary,,,,Gotland,,,,,
2026-02-03 05:56:54,4128,hadley2016,Woman,Man,Woman,Woman,Woman,Man,Woman,Man,,,,,,,,,,Primary,Primary,Secondary,Primary,Primary,Secondary,Secondary,Secondary,,,Primary,Secondary,,,Secondary,,,Secondary,,Primary,,,Primary,Secondary,,Primary,,,Primary,Secondary,Primary,Secondary,,Primary,,Primary,Secondary,,Torksey,Additionally two female and one male authors.,,Primary,Primary,
2026-02-03 05:37:15,4127,hilberg2016,Man,,,,,,,,,,,,,,,,,Primary,Primary,,,,,,Secondary,,,Primary,Secondary,,,Secondary,,,Secondary,,Primary,Primary,,Secondary,,,Primary,,,,,Secondary,,,Primary,Primary,Primary,,Secondary,"Hedeby, Schleswig",,,,Primary,
2026-02-02 11:02:29,4126,svendsen2016,Man,Man,,,,,,,,,,,,,,,,Primary,,,,Secondary,,,Secondary,,,,Secondary,,,,,,,,Secondary,,,,,,,,,,,,,,,,Primary,,,Scandinavia,,Secondary,Primary,,
2025-11-26 09:58:45,4124,vesteinsson2016,Man,,,,,,,,,,,,,,,,,,Secondary,Secondary,,,,Secondary,,Primary,Primary,,,Primary,,,,,Primary,,Primary,,,,,,,,,,,,,,Secondary,,Secondary,,,Iceland,,,,,
2026-02-02 10:52:49,4120,jahnsen2016,Woman,,,,,,,,,,,,,,,,,,,,Primary,,Primary,,Secondary,,,,Secondary,,,,,,,,,,,,,,,,,,,,,,,,,Primary,Primary,Norway,Primary source of evidence is modern literature.,Primary,,,
2026-02-02 10:41:55,4119,jessen2016,Man,Woman,,,,,,,,,,,,,,,,,Secondary,,,,,,Primary,,,Primary,,Secondary,,Primary,,,Secondary,,Primary,,Primary,Secondary,,,Secondary,,,,,Primary,,,Primary,Secondary,,,,Toftum Næs,,,Secondary,Secondary,
2026-02-02 10:22:46,4118,kalmring2016,Man,,,,,,,,,,,,,,,,,Primary,,,,,,,Primary,,,Primary,,,,Secondary,,,,,Primary,Primary,,,,,,,,,,,,,Primary,,,,Primary,"Northern Europe, Hedeby, Birka",,,Secondary,,
2026-02-02 07:43:04,4117,kastholm2016,Man,,,,,,,,,,,,,,,,,,,Primary,,Primary,,,,Primary,Primary,Primary,,Secondary,,,,,Primary,,,,,Primary,Primary,,,,Primary,,,Primary,,,Primary,,,,,Gerdrup,,,,Secondary,
2026-02-02 07:31:07,4116,keller2016,Man,Woman,,,,,,,,,,,,,,,,Primary,Primary,,,,,,Secondary,,,Primary,,,,,Secondary,Primary,,,Secondary,,,,,Primary,,,,Primary,Secondary,,,,,,Primary,,,North Atlantic,,,Primary,,
2026-02-02 07:16:32,4115,kershaw2016,Woman,Woman,,,,,,,,,,,,,,,,Primary,Primary,Secondary,,,Primary,,Secondary,,,,,,,,,,,,Primary,,,Primary,,,,Secondary,,,,,,,Primary,Primary,,,Primary,England,,,Primary,,
2026-02-02 06:28:56,4114,lindholm2016,Man,Man,,,,,,,,,,,,,,,,Primary,Secondary,,,,Secondary,,Primary,,Primary,Primary,,,,Primary,Secondary,Primary,Primary,,Primary,,Primary,,,Primary,,,,Secondary,,Primary,,,Primary,Secondary,,Primary,,Sweden,,,,Secondary,
2026-02-02 06:04:41,4113,lund2016,Woman,Woman,,,,,,,,,,,,,,,,,,,Secondary,,,,Primary,Primary,Primary,Primary,Secondary,Primary,Primary,,,,Primary,Primary,Secondary,,Secondary,Primary,Primary,Primary,,,Secondary,,,,,,Primary,Primary,Secondary,,,"Gammel Lejre, Skopintull",,,Secondary,Secondary,
2026-02-02 05:43:56,4112,macphail2016,Man,Man,Man,,,,,,,,,,,,,,,Secondary,,,,,,,Primary,,Secondary,Primary,Secondary,,,Secondary,,,Primary,,Primary,,Primary,,,,,,,Primary,,Primary,Primary,,Primary,,,,,Avaldsnes,,,,Secondary,
2026-02-02 05:32:42,4111,neiss2016,Man,Woman,Man,,,,,,,,,,,,,,,,,,,,,,,Secondary,Primary,,,,,Primary,,,,Secondary,Secondary,,,Primary,,,Secondary,,,,,,,Secondary,,Primary,,,,"Scandinavia, Russia",,,,,
2026-02-02 05:17:51,4110,oye2016,Woman,,,,,,,,,,,,,,,,,Primary,,,,,,,Primary,,Secondary,Primary,,,,Secondary,Primary,,Secondary,,Primary,,Primary,Primary,,,,,,Primary,,Primary,,,Primary,,,Secondary,,Scandinavia,,,Primary,,
2026-01-30 07:58:11,4109,pedersen2016b,Woman,Man,Woman,Woman,,,,,,,,,,,,,,Secondary,,,,,,,,,,Secondary,Secondary,,,Primary,,,Secondary,,Secondary,,Primary,Primary,,,Primary,,,,Primary,,,Primary,Secondary,Primary,,Primary,,Gokstad,,,Secondary,,
2026-01-30 07:44:06,4108,perry2016,Man,,,,,,,,,,,,,,,,,Secondary,Primary,,Secondary,Secondary,,,Secondary,,,Secondary,,,,Primary,Secondary,,,,,,Primary,Primary,,,,,,,,Primary,Primary,Primary,Primary,Primary,,,,Torksey,,,,,
2026-01-30 07:27:18,4106,price2016a,Man,Man,Woman,Woman,Woman,,,,,,,,,,,,,,Primary,,Primary,Primary,,,Primary,,Secondary,Primary,Secondary,,,,,,Primary,,,,,Primary,Primary,Secondary,,,Primary,Secondary,Primary,,,,Secondary,Primary,,Secondary,,"Salme, Mälaren",,,,,
2026-01-30 07:12:50,4105,raffield2016,Man,,,,,,,,,,,,,,,,,Primary,Primary,Secondary,,Primary,Primary,,Primary,,,Primary,Secondary,,,,,,Secondary,,Primary,,Secondary,Primary,Secondary,,Secondary,,Secondary,,Secondary,Secondary,Secondary,,Primary,,Primary,,Secondary,England,,,Primary,Secondary,
2026-01-30 06:59:21,4104,raffield2016a,Man,Woman,Man,Man,,,,,,,,,,,,,,Secondary,,Secondary,Primary,Primary,,,Primary,,,,Secondary,,,,,,Secondary,,,,,,,,,,,,Secondary,,,,,,Primary,,Primary,Northwest Europe,,,Primary,,
2026-01-30 06:45:52,4103,williams2016,Man,,,,,,,,,,,,,,,,,,,,,,,,Secondary,Secondary,,Secondary,,Primary,Primary,,,,Primary,,,,,Secondary,,,,,,,,,,,Primary,Secondary,,,Primary,"Scandinavia, British Isles",,,,,
2026-01-29 08:49:39,4101,wouters2016,Woman,Woman,Man,Man,,,,,,,,,,,,,,Secondary,,,,,,,,,,Primary,,,,Secondary,,,,,Primary,Primary,,,,,,,,Primary,,,,,,,,,,"Antwerp, Kaupang",,,,Secondary,
2026-01-29 08:42:28,4100,amundsen2017,Woman,,,,,,,,,,,,,,,,,Secondary,,,Primary,,Primary,,,Secondary,,Primary,,Secondary,,,Secondary,Primary,Secondary,Secondary,Primary,,,Primary,,,,,,,,,,,Primary,Primary,Secondary,,Secondary,"Hedmark, Rendalen, Engerdal",,,Secondary,Primary,
2026-02-12 10:44:35,4099,anchukaitis2017,Woman,,,,,,,,,,,,,,,,,Primary,,,Secondary,,Secondary,,Primary,,,Primary,Secondary,,,Primary,,,Primary,,Secondary,Primary,,Primary,,,Primary,,,,Secondary,,,Secondary,,Primary,,,,Norway,,,,Primary,
2026-01-29 08:15:40,4097,baug2017,Woman,,,,,,,,,,,,,,,,,Primary,,Secondary,Secondary,,,,Primary,,,,Secondary,,,Primary,Primary,,,,Primary,Primary,Secondary,Primary,,,,,,,,,,,Primary,,,,,"North Atlantic, South Scandinavia",,,,Secondary,
2026-01-29 08:00:37,4096,beck2017,Woman,,,,,,,,,,,,,,,,,,,,,,,,,,,Primary,,,,,,,,,Primary,,,,,,,,,,,Primary,,,,,,,Primary,Denmark,Primary topic is the use of chronological dating in Danish archaeology.,,,Secondary,
2026-01-29 07:46:08,4095,bill2017,Man,,,,,,,,,,,,,,,,,,Secondary,,,,,,Secondary,,,,Primary,Primary,,,,,Primary,,,,,Secondary,,,,,,,,,,,Secondary,Secondary,,,Primary,Rolvsøy,,,,,
2026-01-29 07:35:55,4094,bill2017a,Man,Man,,,,,,,,,,,,,,,,Primary,,,,,,,Secondary,,,Primary,,,,Secondary,Secondary,,Primary,,Primary,Primary,Primary,Primary,,,Primary,,,,,Primary,Primary,,Primary,Primary,,,,Heimdalsjordet,,,,Secondary,
2026-01-29 07:20:18,4093,eriksen2017a,Woman,,,,,,,,,,,,,,,,,,,,Primary,,,Secondary,Secondary,,Primary,,,Primary,,,,,,,Primary,,Primary,,Primary,,,,Primary,,,,,,Primary,,Secondary,,Secondary,North Europe,,,Secondary,,
2026-01-29 07:07:21,4092,feveile2017,Man,,,,,,,,,,,,,,,,,Primary,,,,,,,,,,,,,,Primary,,,,,,,,,,,Primary,,,,,,,,Primary,Primary,,,,Denmark,,,,Secondary,
2026-01-29 06:11:39,4091,fontaine2017,Woman,,,,,,,,,,,,,,,,,Primary,,,,Secondary,Secondary,Primary,Secondary,,,Secondary,,Secondary,,,,,Primary,,Primary,,,Primary,,,,,,,,,,,Secondary,,,,Primary,"Britain, Ireland, Central East Europe",,,Primary,Primary,
2026-01-29 05:59:37,4090,glorstad2017,Woman,Woman,,,,,,,,,,,,,,,,Primary,Primary,,,,,,Secondary,,,Primary,,,,,Secondary,Secondary,Primary,,,,Secondary,Primary,,,Secondary,,,Secondary,,,,,Primary,Primary,,,,Setesdal,,,Secondary,Primary,
2026-01-29 05:48:42,4089,goodchild2017,Woman,Woman,Man,,,,,,,,,,,,,,,,,,,Primary,,,Primary,,,Primary,,,,,,,,,Primary,,,,,,,,,,,Secondary,Primary,,Primary,,,,,Borgring,,,Secondary,Secondary,
2026-01-29 05:39:25,4088,gustin2017,Woman,,,,,,,,,,,,,,,,,Primary,Primary,Secondary,Primary,,Primary,,Secondary,,,,,,,,,,Primary,,,,,Primary,Secondary,,,,Secondary,,Secondary,,,,Primary,Primary,Secondary,Secondary,,"Birka, Southwest Finland, Mälaren",,Secondary,Secondary,Primary,
2026-01-29 05:18:02,4087,harris2017,Man,Woman,Woman,Woman,Woman,Woman,Man,Man,,,,,,,,,,,Primary,Secondary,Primary,Primary,Secondary,,Primary,Secondary,,Secondary,Primary,Secondary,,,,,Primary,,,,,Primary,Primary,,,,Primary,,Primary,,,,Secondary,Primary,,Secondary,,Ardnamurchan,"Three additional authors, one female and two male.",,,Primary,
2026-01-29 05:03:39,4086,hartman2017,Man,Woman,Man,Man,Man,Man,,,,,,,,,,,,Secondary,Primary,,,,Secondary,,Secondary,Primary,,Primary,,,,,Secondary,Secondary,,,Primary,,,,,Primary,,,,Primary,,Primary,,,Secondary,,Primary,,,"Iceland, Greenland","One additional author, first name abbreviated.",,Primary,,
2026-01-29 04:48:51,4085,hedenstierna-jonson2017,Woman,Woman,Woman,Woman,Woman,Man,Man,Man,Man,Man,,,,,,,,,Secondary,Primary,Primary,Primary,,,Primary,,Primary,Secondary,,,,,,,Primary,,Secondary,Secondary,,Secondary,Primary,Secondary,,Primary,Primary,,Primary,,,,Secondary,,,Secondary,Secondary,Birka,Five additional male authors.,,,,
2026-01-29 04:37:32,4084,helama2017,Man,Man,Man,,,,,,,,,,,,,,,,,,,,,,,,,Primary,,,,,,,,,,,,,,Primary,,,,Primary,,Primary,,,,,,,Primary,Northern Hemisphere,"Concerns the 'Dark Age Cold Period', including 536. Slightly related to the Viking Age period.",,,,
2026-01-29 04:28:53,4082,henriksen2017,Man,Woman,Woman,,,,,,,,,,,,,,,Primary,Secondary,,,,,,Primary,,,Primary,,,,Secondary,,,,,Primary,,,Secondary,,Primary,,,,Primary,Primary,Primary,,,Secondary,,Secondary,,,Tissø,,,Secondary,,
2026-01-27 07:41:04,4081,kalmring2017,Man,Man,Man,,,,,,,,,,,,,,,Secondary,Secondary,,,,,,Primary,Secondary,,Primary,,Secondary,,,,,Secondary,,Primary,,,Secondary,,,,,,,,Secondary,Primary,,Primary,,Secondary,,,"Korshamn, Birka",,,Secondary,Primary,
2026-01-27 07:27:32,4080,kershaw2017,Woman,,,,,,,,,,,,,,,,,Primary,Primary,,,,Secondary,,Secondary,,,,,,,,,,,Primary,,,,Primary,,,Primary,,,,,,,,Primary,Primary,,Secondary,,"England, Danelaw",,,,,
2026-01-27 07:14:27,4079,lund2017,Woman,,,,,,,,,,,,,,,,,Secondary,,,,Secondary,,,Secondary,Primary,Primary,,,Primary,,,,,Primary,Primary,,,,Primary,,,,,,,,,,,Secondary,Primary,Primary,,,"Scandinavia, North Europe",,,Primary,,
2026-01-27 06:59:11,4078,oehrl2017,Man,,,,,,,,,,,,,,,,,,,,,,,,,Primary,,,,,,,,,Primary,,,,,,,,,,,,,,,,,Primary,Primary,,,Gotland,,,Primary,Secondary,
2026-01-27 06:32:29,4077,pedersen2017,Woman,,,,,,,,,,,,,,,,,Primary,Secondary,,Secondary,,,,Secondary,,,Secondary,,,,Primary,,,Secondary,,Secondary,Primary,,Primary,,,,,,,,,,Secondary,Secondary,Primary,,,,Kaupang,,,,Secondary,
2026-01-27 06:21:39,4076,peschel2017,Woman,Man,Man,Woman,,,,,,,,,,,,,,Primary,Primary,Secondary,,Secondary,Primary,,Secondary,,,Secondary,,,,,,,Primary,,,,,Secondary,Primary,Primary,,,Primary,Primary,Primary,,,,Primary,,,,,"Ridanäs, Gotland",,,,,
2026-01-27 06:12:04,4075,raffield2017,Man,Man,Man,,,,,,,,,,,,,,,,,Primary,,Primary,,Secondary,Primary,,,,Primary,,,,,,Secondary,,,,,Secondary,,,,,,,,,,,Secondary,,Primary,,,"Scandinavia, Salme",,,Primary,,Primary
2026-01-27 05:55:56,4074,roslund2017,Man,,,,,,,,,,,,,,,,,Primary,,,Secondary,Secondary,Primary,,Secondary,Secondary,,Primary,,,,,Secondary,Secondary,Primary,,Primary,,,Primary,,,,,,Secondary,,,,,Primary,Primary,Primary,,,"Mälaren, Volga-Kama, Baltic",,,Primary,Primary,
2026-01-27 05:28:52,4073,schmid2017,Woman,Man,Man,Man,,,,,,,,,,,,,,,Primary,,,,,,,,,Primary,,,,,,,,,Primary,,Primary,,,,,,,Primary,,Primary,,,Secondary,,Secondary,Secondary,,Iceland,,,Secondary,Secondary,
2026-01-26 11:26:38,4071,schneidhofer2017,Woman,Man,Man,Woman,Man,Man,Man,Man,Man,Man,Man,,,,,,,,,,,,,,,,,Primary,Secondary,,,,,,Secondary,,Primary,,Secondary,,,,,,,Primary,,,Primary,,Primary,,,,,Gokstad,Additional authors include two female and four male.,,,Secondary,
2026-01-26 11:17:11,4070,sindbaek2017,Man,,,,,,,,,,,,,,,,,Primary,Primary,,,Secondary,,,Secondary,Secondary,,Primary,Secondary,,,,Secondary,Secondary,,,Primary,Primary,,Primary,,Secondary,,,,,,,,,Primary,,Primary,,,"North Atlantic, Baltic",,,Primary,,
2026-01-26 11:04:02,4069,skre2017,Man,,,,,,,,,,,,,,,,,Primary,,,,,,,Secondary,,,Primary,,,,Secondary,,,,,Primary,Primary,,Primary,,,,,,,,,,,Secondary,Primary,Primary,,Primary,West Scandinavia,,,Primary,Secondary,Secondary
2026-01-26 08:37:26,4068,zoega2017,Woman,Man,,,,,,,,,,,,,,,,,,Secondary,Secondary,,,,,Primary,,Primary,,Primary,Secondary,,,,Primary,,Primary,,,,Primary,,,,Primary,,,,,,Primary,,Secondary,,,Iceland,,,Secondary,,
2026-01-26 08:22:20,4067,aannestad2018a,Woman,,,,,,,,,,,,,,,,,Primary,Primary,Secondary,Secondary,Secondary,Primary,,Secondary,Secondary,,,,,,Primary,,,Primary,Secondary,,,,Primary,,,,,,,,,,,Primary,Primary,Secondary,,,Scandinavia,,,Secondary,,
2026-01-26 08:06:56,4066,androshchuk2018,Man,,,,,,,,,,,,,,,,,,,Primary,Primary,Primary,,,,,Primary,Primary,,,,,,,Primary,,,,,Primary,Primary,Secondary,,Primary,Primary,,,,,,,,Secondary,,Primary,Birka,,,Secondary,,
2026-01-26 07:53:19,4065,barndon2018,Woman,Man,,,,,,,,,,,,,,,,Secondary,,,Secondary,,,,Primary,,Primary,Secondary,,Primary,,Primary,Secondary,,Primary,,,,,Primary,Secondary,,,,Secondary,Secondary,,Primary,,,Primary,Primary,,Secondary,,"Nordheim, Sogndal",,,,Primary,
2026-01-26 07:05:10,4064,beck2018,Woman,,,,,,,,,,,,,,,,,,,,,,,,,,,Primary,,,,,,,,,Primary,,,Secondary,,,,,,,,Primary,,,Primary,,,,Primary,South Scandinavia,,,,,
2026-01-26 06:51:22,4063,bitz-thorsen2018,Woman,Woman,,,,,,,,,,,,,,,,Secondary,Secondary,,,,,,,,Primary,Secondary,,,,,,,Secondary,,Secondary,,,,,Primary,,,,Primary,,Secondary,,,,,,Primary,,Denmark,,,,Secondary,
2026-01-26 06:40:46,4062,borake2018,Woman,,,,,,,,,,,,,,,,,Primary,,,,Secondary,,,Primary,Secondary,,Primary,,Secondary,,,,,,,Primary,,Secondary,,,,Primary,,,,,,,,Primary,,Secondary,,,"Tissø, West Zealand",,,Secondary,Primary,
2026-01-26 05:34:19,4058,fahlander2018,Man,,,,,,,,,,,,,,,,,,,,,,,,Secondary,Primary,,Primary,,Secondary,Primary,,,,Primary,,,,,,,,,,,,,,,,Primary,,,,,Central East Sweden,,,,,
2026-01-26 05:21:36,4056,christensen2018a,Man,Woman,Woman,Man,Man,,,,,,,,,,,,,,,,,,,,Secondary,,,Primary,,,,,,,,,Primary,,,Secondary,,,Secondary,,,,,Secondary,Primary,,Primary,,,,,Borgring,,,,Secondary,
2026-01-26 05:13:42,4055,solli2018,Woman,,,,,,,,,,,,,,,,,Secondary,,,,,Secondary,,,,Primary,Primary,,,,,,Primary,,,,,Primary,,,,Primary,,,,,Secondary,,,Primary,Primary,Secondary,,,Norway,,,Secondary,,Secondary
2026-01-26 05:02:15,4054,croix2019a,Woman,Man,Man,,,,,,,,,,,,,,,Primary,,Secondary,Secondary,,,,Primary,,,Secondary,,,,Primary,,,,,,Primary,Primary,Primary,,Secondary,,,,,,,,Secondary,Primary,Primary,,,,Ribe,,,,Secondary,
2026-01-23 10:08:13,4053,croix2019,Woman,Man,Man,Woman,Woman,Man,Woman,,,,,,,,,,,Secondary,,,,,,,Secondary,,,Primary,,,,,,,,,Primary,Primary,Primary,,,Primary,,,,,,,Primary,,Primary,Primary,,,,Ribe,Additional authors include one female and one male. Primary methods include microcmorphological analyses.,,,Primary,
2026-01-23 09:21:16,4052,perry2019,Man,,,,,,,,,,,,,,,,,Secondary,Primary,,Secondary,,,,Secondary,,,Primary,,,,Primary,,,,,Primary,,Primary,Primary,,,,,,,,,Primary,Primary,Primary,,Secondary,,,East England,,,Secondary,Primary,
2026-01-23 09:06:00,4050,price2019a,Man,Man,Woman,,,,,,,,,,,,,,,Primary,Primary,,,,Primary,,,Primary,,Primary,,,,,,,Primary,,Primary,,,,Primary,Secondary,,,Primary,,Primary,Primary,Secondary,,Secondary,,Secondary,Primary,,"Staraya Ladoga, Mälaren",,,Secondary,,
2026-01-23 08:52:24,4049,tonning2020,Man,Woman,Man,Man,Woman,Man,Man,Man,Woman,Man,Man,Man,,,,,,,,,,,,,Secondary,,,Primary,,Secondary,,,,,Primary,,Primary,,Secondary,,,,,,,,,Primary,Primary,,Primary,,Secondary,,,Borre,Additional authors include one female and six male.,,Secondary,Secondary,
2026-01-23 08:40:59,4048,price2020,Man,Man,Woman,Woman,Man,,,,,,,,,,,,,,Primary,,Secondary,Primary,Primary,,,,,Secondary,Primary,Secondary,,,,,Primary,,Secondary,,,Primary,Primary,Secondary,,,Primary,,Primary,Primary,,,Secondary,,,,,"Salme, Mälaren",,,,Secondary,
2026-01-23 08:28:12,4047,reiter2019,Woman,Woman,,,,,,,,,,,,,,,,,Primary,Secondary,Primary,Secondary,,,Secondary,,Primary,,,Secondary,,,,,Primary,,,,,,Primary,,,Primary,,,Primary,,,,,,,,Secondary,,Generally concerns mobility patterns. Few references to Viking Age. Discard?,,,,
2026-01-23 08:11:56,4046,pilo2020,Man,Man,Man,,,,,,,,,,,,,,,Primary,Primary,,,,,,Secondary,,,Primary,,,,,Secondary,Secondary,Secondary,,Secondary,,,Primary,,Primary,Primary,,,,,Primary,,,Primary,,,,,Lendbreen,,,,,
2026-01-23 06:58:53,4045,griffiths2019,Man,,,,,,,,,,,,,,,,,Secondary,Primary,,Secondary,Secondary,Secondary,,Secondary,Secondary,,,,,,,,,Secondary,,Primary,,,,,,,,,,,,,,Primary,,Primary,,,"North Atlantic, West Europe",,Secondary,Primary,,
2026-01-23 06:46:41,4044,gardela2018,Man,,,,,,,,,,,,,,,,,,,Primary,,Primary,,,,Secondary,Primary,,,,,,,,Primary,,,,,Primary,,,Primary,,,,,,,,Primary,,Primary,,Primary,"Scandinavia, Iceland, England",,Secondary,Primary,,
2026-01-23 06:33:27,4043,gardela2018a,Man,Woman,,,,,,,,,,,,,,,,,,Primary,,,Primary,,Secondary,Primary,Secondary,Primary,Secondary,Secondary,,Secondary,,,Primary,Secondary,Secondary,Secondary,,Primary,,,Secondary,,,,,,,,Primary,Primary,Secondary,,,"Denmark, Finland, Germany, Norway, Poland, Sweden, Birka, Russia",,,Secondary,,
2026-01-23 06:13:54,4042,hadley2018,Woman,Man,,,,,,,,,,,,,,,,Secondary,Primary,,,Primary,Primary,,Secondary,,,Primary,,,,,,,Secondary,Primary,Primary,,,Primary,,,Secondary,,,Secondary,,Primary,Secondary,,Primary,,Primary,,,"England, Torksey",,,Primary,Secondary,
2026-01-23 05:56:10,4041,hayeursmith2018,Woman,Man,Woman,,,,,,,,,,,,,,,Secondary,Secondary,,,,Primary,,,,,Primary,,,,Primary,,Secondary,,,Secondary,,,,,Primary,Primary,,,Secondary,,Primary,,,Secondary,Primary,,,,"Greenland, Newfoundland",,,,,
2026-01-20 11:32:31,4040,heen-pettersen2018,Woman,Man,,,,,,,,,,,,,,,,,Secondary,,,Secondary,,,Secondary,Primary,Primary,,,Primary,,,,,Primary,,,,,Primary,,,,,,,,,Secondary,,Secondary,Primary,Primary,,,Namdalen,,,Primary,Primary,
2026-01-20 11:09:09,4038,hennius2018,Man,,,,,,,,,,,,,,,,,Primary,,,,,,,Secondary,,,Secondary,Primary,,,,Primary,,,,Secondary,Secondary,Primary,Secondary,,,,,,,,Primary,,,Primary,,Secondary,,,East Sweden,,,Secondary,,
2026-01-20 08:55:32,4037,hennius2018a,Man,Man,Man,Man,,,,,,,,,,,,,,Primary,,,,,,,Secondary,,,,Secondary,,,Primary,Primary,Primary,Secondary,,,,,Primary,,Primary,,,,,,,,Primary,,Primary,Secondary,,,"Sweden, Scandinavia",,,Secondary,Primary,
2026-07-03 07:24:11,4036,hilberg2018,Man,,,,,,,,,,,,,,,,,Primary,Secondary,,,,,,Secondary,,,Primary,,,,Secondary,,,,,Primary,Primary,,Primary,,,Primary,,,,,,,,Primary,Secondary,,Primary,,Hedeby,German,,,Primary,
2026-01-20 08:04:56,4035,hrnjic2018,Man,,,,,,,,,,,,,,,,,Primary,,,,,,,Primary,,,,,,,Secondary,,,,Primary,,Primary,,Primary,,,,,,,Primary,,,Primary,,,Secondary,,,Eurasia,"Region is primarily South Scandinavia and Middle East, regarding long-distance trade.",,Secondary,Secondary,
2026-01-20 07:49:07,4034,jackson2018,Man,Woman,Man,Man,Man,Man,Man,,,,,,,,,,,Primary,Primary,,,,Secondary,,Primary,Secondary,,Primary,Secondary,,,,Primary,Secondary,,,Primary,,,Secondary,Primary,,,Secondary,,Primary,Primary,,,,Primary,,,,,Greenland,Two additional male authors.,,Secondary,,
2026-01-20 07:31:34,4033,jankowiak2018,Man,,,,,,,,,,,,,,,,,Primary,Secondary,,,,,Secondary,,,,,,Secondary,,,,,,Primary,,,,Primary,,,,,,,,Primary,,,Primary,Primary,,,,Baltic Sea,,,,,
2026-01-20 07:14:28,4032,jarman2018,Woman,Man,Man,Man,,,,,,,,,,,,,,,Primary,,Secondary,Primary,,,,,,,,,,,,,Primary,,,,,,Primary,Secondary,,,,,Primary,Primary,,,Secondary,,Secondary,,,Repton,,,Secondary,,
2026-01-20 07:00:21,4031,kalmring2018,Man,Woman,,,,,,,,,,,,,,,,Secondary,,,,,,,Secondary,,,,,,,Primary,,,Secondary,,Secondary,Secondary,,Primary,,,,,,,,Primary,,,,Primary,Secondary,,,Birka,,,Secondary,Primary,
2026-01-15 11:59:59,4030,krzewinska2018,Woman,Woman,Man,Woman,Woman,Woman,Woman,Woman,Man,Woman,Woman,Woman,Man,Man,Man,,,,Primary,Secondary,Secondary,,Primary,,,,,,,,,,,,Primary,,Primary,,,,Primary,,,Primary,,,Primary,,,,,,,Primary,,Sigtuna,"An additional 10 authors, five female and five male.",,,,
2026-01-15 11:42:56,4028,ljungkvist2018,Man,,,,,,,,,,,,,,,,,,,,,Secondary,,,Primary,,,Primary,,Primary,,,,,Primary,,Primary,,,Secondary,,,,,,,,,,,Primary,Secondary,,,,"Gamle Uppsala, Valsgärde, Mälaren.",,,,,
2026-01-15 11:31:19,4027,mainland2018,Woman,Woman,,,,,,,,,,,,,,,,,,,Primary,,,,Primary,,,,,,,,,,,,Secondary,,Secondary,,,Primary,,,,Primary,Secondary,,,,,,Primary,Primary,Secondary,North Europe,,,Primary,,
2026-01-15 11:15:24,4025,majchczack2018,Woman,Man,Woman,Man,Man,Man,,,,,,,,,,,,Primary,,,,,,,,,,Primary,,,,,,,Primary,Secondary,Primary,,Primary,Primary,,,Secondary,,,,,Primary,Primary,,Primary,Secondary,,,,Föhr,A sixth additional male author.,,,Primary,
2026-07-03 07:13:21,4024,nosov2018,Man,Woman,Man,,,,,,,,,,,,,,,,,,,,,,,,,Primary,,,,,,,,,Primary,,,,,,,,,,,,,,Primary,,,,,Staraya Ladoga,Russian,,,Primary,
2026-01-15 11:00:44,4023,odeback2018,Woman,,,,,,,,,,,,,,,,,,,,Primary,Primary,Secondary,,,Secondary,Primary,Primary,,Primary,Primary,,,,Primary,,,,,Primary,Secondary,,,,,,,,,,Primary,Secondary,Primary,,Secondary,Scandinavia,,,,,
2026-01-15 10:45:09,4022,pilo2018a,Man,,,,,,,,,,,,,,,,,Primary,,,,,,,,,,Primary,,,,,Primary,Primary,Secondary,,,,,Primary,,Primary,Primary,,,Primary,,Primary,,,Primary,Primary,,Primary,,Oppland,,,,,
2026-01-15 09:35:04,4021,price2018a,Man,,,,,,,,,,,,,,,,,Secondary,Secondary,Secondary,,Secondary,,Secondary,Secondary,Secondary,,,Secondary,,,,,,Secondary,,,,,,,,,,,,Secondary,,,,,,,,Primary,,Primary source of evidence is modern literature.,Primary,,,
2026-01-15 09:27:23,4020,price2018b,Man,Man,,,,,,,,,,,,,,,,Secondary,Primary,,Secondary,,Secondary,,Secondary,Primary,,Primary,,,,,,,,,Secondary,,,,,,,,,,,,,,,,,,Primary,"Oceania, Scandinavia",,,,,
2026-01-15 09:14:52,4019,price2018,Man,,,,,,,,,,,,,,,,,Primary,Primary,,,,,,Primary,Primary,,Primary,,Secondary,Secondary,,,,Secondary,,Primary,,,Secondary,Secondary,Secondary,,,,,,,,,Primary,,,,Secondary,"Oceania, Pacific Ocean, Scandinavia",,,,,Primary
2026-01-15 09:03:31,4018,price2018c,Man,Woman,Woman,Woman,Man,,,,,,,,,,,,,Primary,,,Secondary,,Primary,,Secondary,,,Primary,,,,,,,Primary,,Secondary,,,Secondary,Primary,Secondary,,,,,Primary,,,,Secondary,Secondary,,Primary,,"Mälaren, Birka",,,,,
2025-11-26 10:09:35,4016,raffield2018,Man,Man,Man,,,,,,,,,,,,,,,,,Primary,Secondary,,Secondary,Secondary,Primary,,,,,,,,,,Primary,,,,,,,,,,,,,,,,,,Primary,,,"Scandinavia, Kyivan Rus",,,Primary,,
2026-01-15 08:42:39,4014,richards2018,Man,Man,,,,,,,,,,,,,,,,,Secondary,,,,Primary,,Primary,,,Primary,,,,,,,Primary,,Secondary,,,Primary,,,Primary,,,,Secondary,,,,Primary,Secondary,Primary,Primary,Secondary,Northumbria,,,Primary,Primary,
2026-01-15 07:13:05,4011,runge2018,Man,,,,,,,,,,,,,,,,,,,,,,,,Secondary,,,Primary,,,,,,,,Primary,Primary,,,Secondary,,,Secondary,,,,,Primary,,,Primary,,,,,Odense,,,,,
2026-01-15 07:01:15,4010,runge2018a,Man,Man,,,,,,,,,,,,,,,,Primary,,,,,,,Secondary,,,Primary,,,,,,,,,Primary,Primary,Secondary,Secondary,,,,,,,,,,,Primary,,,,,South Scandinavia,,,,Secondary,
2026-01-15 06:46:44,4008,sindbaek2018,Man,,,,,,,,,,,,,,,,,Primary,,,,,,,,,,Secondary,,,,,,,,,Primary,Primary,,Primary,,,,,,,,,,,Primary,Primary,,,,Ribe,,,,Primary,
2026-01-15 06:35:04,4007,steinforth2018,Man,,,,,,,,,,,,,,,,,Secondary,Secondary,,,Secondary,Primary,,Primary,Secondary,,Primary,,Secondary,,,,,Primary,,Primary,,,Primary,,,,,,,,,,,,Secondary,Primary,,,"Isle of Man, Irish Sea, Dublin",,,Primary,,
2026-01-15 06:13:58,4006,svensson2018,Woman,,,,,,,,,,,,,,,,,Primary,,Secondary,,,,,Secondary,,,Primary,,,,,Primary,Secondary,,,Primary,,Secondary,,,,,,,Primary,,,,,Primary,,,,,Scandinavia,,,,,Primary
2025-12-17 08:22:22,4005,toplak2018,Man,,,,,,,,,,,,,,,,,,Secondary,,Secondary,Primary,,Secondary,Secondary,Secondary,,Secondary,,Primary,,,,,Primary,,Primary,,,Secondary,Primary,,,,Primary,,Secondary,,,,Primary,,Primary,,,"Gotland, Scandinavia",,,,,Secondary
2025-12-17 08:07:38,4004,ulriksen2018,Man,,,,,,,,,,,,,,,,,,,Primary,,,,,,Primary,Primary,Primary,,Primary,,,,,Primary,,,,,Primary,Primary,Primary,,,Secondary,,,,,,Primary,Primary,Primary,,,Roskilde,,,,,
2025-12-17 07:54:43,4003,skre2017a,Man,,,,,,,,,,,,,,,,,Primary,Primary,,,,,,Secondary,,,Primary,Secondary,,,Primary,Secondary,Secondary,,,Primary,Primary,Primary,Secondary,,Secondary,,,,,,,,,Primary,Secondary,,,Secondary,West Scandinavia,,,,,
2025-12-17 07:34:28,4002,star2017,Man,Woman,Woman,Woman,Woman,Man,Man,Man,Woman,Man,Man,Man,Man,Man,Woman,Man,,Primary,,,,,,,,,,Primary,Primary,,,,,,,,Primary,,,,,Primary,,Primary,,Primary,Primary,,,,Secondary,,Secondary,Primary,,"Germany, Norway, England, Orkney, Hedeby","Additional authors include 9 male and 2 female, total 16.",,,,
2025-12-17 07:20:16,4001,stene2017,Woman,Woman,,,,,,,,,,,,,,,,Primary,,,,,,,Primary,,Secondary,Primary,,,,,Primary,Primary,Primary,,Primary,,Primary,Secondary,,,,,,Secondary,,Secondary,,,Primary,,Secondary,,,South Norway,,,,Secondary,
2026-07-03 07:01:17,4000,toplak2017,Man,,,,,,,,,,,,,,,,,,Secondary,,Secondary,Secondary,,,,Secondary,Secondary,Primary,,Primary,,,,,Primary,,,,,,Primary,,,,Secondary,,,,,,Primary,,,,,"Scandinavia, Gotland",German,,,,
2025-12-17 07:08:07,3999,tveiten2017,Man,Man,,,,,,,,,,,,,,,,Primary,,,,,,,Secondary,,,Primary,,,,,Primary,,,,Secondary,,Primary,,,,,,,Secondary,,,Primary,,Primary,,Secondary,Primary,,South Norway,,,,Secondary,
2025-12-17 06:53:44,3998,zachrisson2017,Woman,,,,,,,,,,,,,,,,,,,,,,,,Primary,,,Primary,,Secondary,Primary,,,,Primary,,Primary,,,,,,,,,Secondary,,,,,Primary,,Primary,,,"Mälaren, Southwest Norway",,,,,
2025-12-17 06:07:24,3997,zachrisson2017a,Woman,,,,,,,,,,,,,,,,,,,,Secondary,,Primary,,,Primary,,,,Primary,,Primary,,,Primary,,Secondary,,Primary,Primary,,,,,,,,,,,Primary,Primary,Primary,,,Scania,,,Primary,,
2025-12-17 05:47:51,3996,baug2019,Woman,Man,Man,Man,,,,,,,,,,,,,,Primary,Primary,Secondary,,Primary,,,Primary,Secondary,,Primary,Secondary,,,Secondary,Primary,Secondary,,,Secondary,Primary,,Primary,,,,,,,,Secondary,,Primary,Secondary,Primary,Primary,Primary,,"Lade, Ribe",,,Primary,,
2025-12-17 05:18:42,3995,christiansen2019,Man,,,,,,,,,,,,,,,,,Secondary,,,,,,,,,,Secondary,,,,Primary,,,Secondary,,Secondary,,Primary,Primary,,,Primary,,,,,,,,Primary,Primary,,Primary,,"Limfjord, North Jutland",,,,Primary,
2025-12-17 05:01:44,3994,edberg2019,Man,,,,,,,,,,,,,,,,,,,Primary,Primary,,,,Primary,,Primary,Primary,,,,,,,Primary,,Secondary,,,Primary,Primary,,,Secondary,Secondary,,,,,,,,,,Primary,Birka,,,,,
2025-12-17 04:53:06,3993,ellingsen2019,Woman,Man,,,,,,,,,,,,,,,,,Secondary,,,,,,Primary,Secondary,,Primary,,Primary,,Secondary,,,Primary,,Primary,,Secondary,Secondary,,Secondary,Secondary,,,Primary,,Primary,,,Primary,,Secondary,,,"Ørland, Trøndelag, Norway, North Scandinavia",,,,,
2025-12-10 07:13:01,3990,heen-pettersen2019,Woman,,,,,,,,,,,,,,,,,Secondary,Primary,,,Secondary,,,,,,Primary,Primary,,,,,,Primary,,,,,Primary,,Primary,,,,,,Primary,,,Primary,Secondary,Secondary,Secondary,,"Norway, North Sea",,,,Primary,
2025-12-10 06:51:02,3989,loftsgarden2019,Man,,,,,,,,,,,,,,,,,Primary,,,,,,,,,,Primary,,,,Primary,Primary,,,,Secondary,Secondary,Primary,Primary,,,,,,,,Secondary,,,Primary,Secondary,Primary,,,South Norway,,,,Secondary,
2025-12-10 06:34:22,3988,lund2019,Woman,Woman,,,,,,,,,,,,,,,,Primary,,Primary,Primary,,Secondary,,,,Primary,Primary,,Secondary,,,,Primary,Primary,,,Secondary,,Primary,,,,,,,,,,,Secondary,Primary,,Secondary,,"East Norway, South Sweden",,,,Secondary,
2025-12-10 06:01:42,3985,oehrl2019a,Man,,,,,,,,,,,,,,,,,,,,,,,,,Primary,,,,,,,,,Primary,,,,,,,,,,,,,,,,Secondary,Primary,Primary,,,Gotland,,,,Secondary,
2025-12-10 05:47:32,3984,ravn2019,Man,Man,Woman,Woman,,,,,,,,,,,,,,Secondary,Secondary,,,,,,Primary,,,Secondary,,,,,,,,,Primary,,,,,,Secondary,,,,,Primary,Primary,,Primary,,Secondary,,,Denmark,,,,Secondary,
2025-12-10 05:35:30,3982,price2019,Man,Woman,Woman,Woman,Man,Woman,Man,Woman,Man,Man,,,,,,,,,,Primary,Primary,Primary,,,Primary,,Secondary,Secondary,,,,,,,Primary,,Secondary,,,Primary,Primary,Secondary,,Primary,,,,,,,Primary,Primary,Secondary,,,Birka,"Authors include an additional 2 female and 3 male, total 10.",,Secondary,,
2025-12-10 05:26:47,3981,raffield2019,Man,,,,,,,,,,,,,,,,,,Secondary,Primary,Primary,Primary,,,Primary,Secondary,,,,,,,,,Primary,,,,,Primary,Primary,,,,Primary,,Secondary,,,,,Primary,Primary,,,"Scandinavia, England, Scotland, Staraya Ladoga",,,Primary,Secondary,
2025-12-05 10:03:54,3980,raffield2019a,Man,,,,,,,,,,,,,,,,,Primary,,Secondary,,Primary,,Primary,Primary,,,,,,,,,,,Secondary,Primary,Primary,Secondary,Primary,,,,,,,,,,,,Primary,Primary,,,Europe,,,Primary,,
2025-12-05 08:04:58,3979,rosvold2019,Man,Woman,Man,,,,,,,,,,,,,,,Primary,,,,,,,,,,,,,,,Primary,,,,Primary,,Primary,Primary,,Primary,,Primary,,Secondary,,Primary,,,Primary,Secondary,,Secondary,,Norway,,,,,
2025-12-05 07:51:11,3978,skre2019,Man,,,,,,,,,,,,,,,,,Primary,,,Secondary,Secondary,Primary,,Primary,,,Secondary,,Secondary,,,,,Primary,,Primary,Secondary,,Secondary,,,,,,,,Secondary,Primary,,Primary,Secondary,Primary,,,Scandinavia,,,,Secondary,
2025-12-05 07:01:26,3977,stott2019,Man,Man,Man,,,,,,,,,,,,,,,,,,,,,,Secondary,,,Primary,,,,,,,,,Primary,,,,,,,,,,,,Primary,,Primary,,Secondary,,,Denmark,"Method includes machine learning, AI.",,,,
2025-12-05 06:46:32,3976,svendsen2019,Man,,,,,,,,,,,,,,,,,Primary,,,,Primary,,,Primary,,,,Secondary,,,,,,,,,Secondary,,Secondary,,,,,,,,,,,,,Primary,,,England,,,Primary,,
2025-12-05 06:28:26,3975,tummuscheit2019,Woman,Woman,,,,,,,,,,,,,,,,Secondary,,,,Primary,,,Primary,,,Primary,,,,,,,,,,,Primary,,,,,,,,,Primary,,,Primary,,Secondary,,,Danevirke,,,,Secondary,
2025-12-05 05:37:53,3973,bill2020,Man,,,,,,,,,,,,,,,,,,Secondary,,,,,,Primary,,,,Primary,Primary,Primary,,,,Primary,,,,,Primary,Secondary,Secondary,,,,,,Primary,,,Primary,Primary,Primary,Primary,,Karmøy,,,Primary,Primary,
2025-12-05 05:08:28,3972,rogers2020,Woman,,,,,,,,,,,,,,,,,Primary,Primary,Secondary,Secondary,,,Secondary,Secondary,,,,,,,Primary,,,Primary,Primary,Primary,Primary,Primary,Primary,,Secondary,,,,,,Secondary,,,Primary,Primary,Secondary,,,"Britain, Ireland",,,,,
2025-11-26 10:29:12,3971,lund2020,Woman,,,,,,,,,,,,,,,,,,,,,,,,,Primary,,,,,Primary,,,,Primary,,,,,,,,,,,,,,,,Primary,,Primary,,,South Scandinavia,,,,Secondary,
2025-11-26 10:23:37,3969,moen2020,Woman,,,,,,,,,,,,,,,,,,,Primary,,Secondary,,,Secondary,,,,,,,,,,Primary,,,,,,,,,,,,,Secondary,,,,,Secondary,,Primary,,,,Primary,Secondary,
2026-07-03 06:47:07,3967,skorokhod2020,Man,Man,,,,,,,,,,,,,,,,,,,,,,,,,Primary,Primary,,,,,,,Primary,,Primary,,,Primary,Primary,,,,Secondary,,,,,,Primary,Primary,,,,Shestovytsia,Ukrainian,,,,
2025-11-26 10:20:50,3958,hilberg2014,Man,Man,,,,,,,,,,,,,,,,Primary,Secondary,,,,,,,,,,,,,Primary,,,,,,Primary,,Primary,,,,,,,,Secondary,,,Primary,Secondary,Primary,,,"Hedeby, Iceland, North Atlantic",,,,Secondary,
