community_id,name,title,rank,within_cluster_degree,cluster_size
101,anchukaitis2017,"Last millennium Northern Hemisphere summer temperatures from tree rings: Part II, spatially resolved reconstructions",1,148,149
101,harrison2016,Evaluation of Time-Averaged Pseudoproxies for Climate Reconstruction,2,148,149
101,vonstorch2004,Reconstructing past Climate From Noisy Data,3,2,149
101,shindell2015,Spatial Patterns of Radiative Forcing and Surface Temperature Response,4,2,149
101,fritts1976,Tree Rings and Climate,5,2,149
101,sundqvist2014,Arctic Holocene Proxy Climate Database: New Approaches to Assessing Geochronological Accuracy and Encoding Climate Variables,6,2,149
101,swingedouw2010,Natural Forcing of Climate During the Last Millennium: Fingerprint of Solar Variability,7,2,149
101,hegerl2014,From past to Future Warming,8,2,149
101,mann2008,Proxy-Based Reconstructions of Hemispheric and Global Surface Temperature Variations over the past Two Millennia,9,2,149
101,rind1999,Simulated Time-Dependent Climate Response to Solar Radiative Forcing Since 1600,10,2,149
49,hayeursmith2013,"Dress, cloth, and the farmer's wife: textiles from Ø 172 Tatsipataakilleq Greenland with comparative data from Iceland",1,110,111
49,hartman2017,"Medieval Iceland, Greenland, and the New Human Condition: A case study in integrated environmental humanities",2,110,111
49,wheeler2006,Climatic Reconstructions for the Northeast Atlantic Region Ad1685-1700: A New Source of Evidence From Naval Logbooks,3,2,111
49,martinvide1995,The Use of Rogation Ceremony Records in Climatic Reconstruction: A Case Study From Catalonia (Spain),4,2,111
49,pfister1992,Monthly Temperature and Precipitation in Central Europe 1525-1979: Quantifying Documentary Evidence on Weather and Its Effects,5,2,111
49,smiarowski2014,Climate Related Farm-to-Shieling Transition at E74 Qorlortorsuaq in Norse Greenland,6,2,111
49,stern2000,"A Hertfordshire Demesne of Westminster Abbey: Profits, Productivity and Weather",7,2,111
49,streeter2014,"Late-Holocene Land Surface Change in a Coupled Social-Ecological System, Southern Iceland: A Cross-Scale Tephrochronology Approach",8,2,111
49,thorsteinsson1989,Norska Öldin,9,2,111
49,ingimundarson1995,"Of Sagas and Sheep: Toward a Historical Anthropology of Social Change and Production for Market, Subsistence and Tribute in Early Iceland (10th to the 13th Century)",10,2,111
77,croix2019,"Single Context, Metacontext, and High Definition Archaeology: Integrating New Standards of Stratigraphic Excavation and Recording",1,88,91
77,croix2021,Cultures without borders? Approaching the cultural continuum in the Danish-Frisian coastal areas in the early Viking Age,2,45,91
77,croix2019a,"The réseau opératoire of Urbanization: Craft Collaborations and Organization in an Early Medieval Workshop in Ribe, Denmark",3,43,91
77,deckers2017,Cultural Convergence in a Maritime Context,4,2,91
77,jervis2016,Assemblage theory and town foundation in Medieval England,5,2,91
77,lonborg1998,Vikingetidens Metalbearbejdning. (Fynske studier 17.) Odense: Odense Bys Museer,6,2,91
77,wirth1938,Urbanism as a way of life,7,2,91
77,pohl1998,Telling the Difference: Signs of Ethnic Identity,8,2,91
77,wailes1996,Gordon Childe and the relations of production,9,2,91
77,garipzanov2008,"Introduction: Gentes, Gentile Identity, and State Formation in Early Medieval Europe",10,2,91
65,barrett2008,Detecting the Medieval Cod Trade: A New Method and First Results,1,88,89
65,barrett2010,Rounding up the usual suspects: Causation and the Viking Age diaspora,2,88,89
65,dumville2002,The North Atlantic Monastic Thalassocracy: Sailing to the Desert in Early Medieval Insular Spirituality,3,2,89
65,smith1993,Reindeer antler combs at Howe: contact between late Iron Age Orkney and Norway. Universitetets Oldsaksamling Årbok,4,2,89
65,bradley2003a,Climate in medieval time,5,2,89
65,hill2001,Wics: the early medieval trading centres of Northern Europe,6,2,89
65,oppenheimer2007,The Origins of the British: A Genetic Detective Story,7,2,89
65,hannon2005,Climate Change and Human Settlement as Drivers of Late-Holocene Vegetational Change in the Faroe Islands,8,2,89
65,forenbaher2005,The spread of farming in the Eastern Adriatic,9,2,89
65,santiagoirizarry2008,Transnationalism and Migration: Locating Sociocultural Practices Among Mexican Immigrants in the United States,10,2,89
59,ashby2015a,Urban Networks and Arctic Outlands: Craft Specialists and Reindeer Antler in Viking Towns,1,75,77
59,ashby2015,What really caused the Viking Age? The social content of raiding and exploration. Archaeological Dialogues,2,74,77
59,sindbaek2018,Northern Emporium: The archaeology of urban networks in Viking-Age Ribe,3,4,77
59,feveile2006,"ASR 1000 Ribelund II, in Det AEldste Ribe: Udgravninger på Nordsiden af Ribe Å 1984-2000, ed. C. Feveile. (Ribe Studier 1.2.) Aarhus: Jysk Arkaeologisk Selskab",4,3,77
59,skre2007,"Towns and Markets, Kings and Central Places in South-Western Scandinavia C. Ad 800-950",5,3,77
59,taylor2012,Extraordinary Cities: Early 'City-ness' and the Origins of Agriculture and States,6,3,77
59,buckley2014,Species Identification of Archaeological Marine Mammals Using Collagen Fingerprinting,7,2,77
59,stephan1994,"Die Materialsbestimmung der ""Bein"" schnallen aus Bopfingen, Pfullingen und Gruibingen",8,2,77
59,rau2010,Nydam Mose: die personengebündenen Gegenstände. 1 Text. Højbjerg: Jysk Arkaeoloogisk Selskab,9,2,77
59,arneborg1998,The High Arctic 'Utmark' of the Norse Greenlanders,10,2,77
7,croix2015,"The Vikings, Victims of their Own Success? A Selective View on Viking Research and its Dissemination",1,73,75
7,gardela2014,Scandinavian Amulets in Viking Age Poland,2,42,75
7,croix2016,"The Vikings, Victims of Their Own Success? a Selective View on Viking Research and Its Dissemination",3,41,75
7,konsa2008,"Rescue excavations of a Vendel Era boat-grave in Salme, Saaremaa, in Archaeological Fieldwork in Estonia",4,3,75
7,stockmann2015,Danske vikinger på nye togter,5,3,75
7,sindbaek2015,Dragons of the Northern Seas. The Viking Age of Denmark,6,3,75
7,kakonen1998,Näkökulmia pohjoiseen,7,3,75
7,rahtz1983,"New Approaches to Medieval Archaeology, Part 1",8,3,75
7,sawyer1997,The Oxford illustrated history of the Vikings,9,3,75
7,noonan1997,Scandinavians in European Russia // The Oxford illustrated history of the Vikings,10,3,75
24,raffield2018,"Polygyny, concubinage and the social lives of women in Viking Age Scandinavia",1,74,75
24,ol1939,Vatnsdæla Saga,2,1,75
24,ljungqvist2015,Rape in the Icelandic Sagas: An Insight in the Perceptions about Sexual Assaults on Women in the Old Norse World,3,1,75
24,callow2006,First Steps towards an Archaeology of Children in Iceland,4,1,75
24,pantman2014,Nøglekvinderne,5,1,75
24,karamagi2006,Intimate Partner Violence against Women in Eastern Uganda: Implications for HIV Prevention,6,1,75
24,norrman2008a,Viking Women. The Narrative Voice in Woven Tapestries,7,1,75
24,attwood2000,The Saga of Gunnlaug Serpent-Tongue,8,1,75
24,breitman2004,Couple Age Discrepancy and Risk of Intimate Partner Homicide,9,1,75
24,einarol1934,Laxdœla Saga,10,1,75
28,glorstad2012,Sign of the times? The transfer and transformation of Pennannular Brooches in Viking-Age Norway,1,73,75
28,andren2006b,"Ett omöjligt uppdrag? Att arkeologiskt studera nordisk förkristen religion. Kungliga Vitterhets Historie och Antikvitets Akademien. Årsbok 2006, Stock hol m",2,65,75
28,etchingham2001,"North Wales, Ireland and the Isles: the Insular Viking zone",3,2,75
28,bjorgo1995,"Kapittel 1: Norge, Norden og Europa (til c. 1240)",4,2,75
28,trenchjellicoe1999,"A Missing Figure on Slab Fragment No. 2 From Monifieth, Angus, the A' Chill Cross, Canna, and Some Implications of the Development of a Variant Form of the Virgin's Hairstyle and Dress in Early Medieval Scotland",5,2,75
28,gustafson1900,Et fund af figurerede guldplader. foreningen til norske fornminnesmaerkers bevaring: aarsberetning for 1899,6,2,75
28,hammerton2004,Gender and migration,7,2,75
28,kaland1995,En vikingtidsgård og -gravplass på Orknøyene,8,2,75
28,macdermott1955,The Kells crozier,9,2,75
28,nieke1988,Dalriada: The Establishment and Maintenance of an Early Historic Kingdom in Northern Britain,10,2,75
31,skre2019,"Rulership in 1st to 14th Century Scandinavia: Royal Graves and Sites at Avaldsnes and Beyond, Ergänzungsbände zum Reallexikon der Germanischen Altertumskunde",1,74,75
31,hardh2002,Central Places in the Migration and Merovingian Periods,2,1,75
31,seiler2018,Från vision till verkställande. samhälleliga mekanismer kring stolpmonumentets tillkomst,3,1,75
31,heinertz1925,Herr und hehr,4,1,75
31,gansum2018,Hallbygg og tidlig kirkearkitektur i tre,5,1,75
31,ljungkvist2017,Two Workshops with Garnet Crafts in Gamla Uppsala,6,1,75
31,collis1995,The first towns,7,1,75
31,callmer2001a,Extinguished solar systems and black holes: traces of estates in the Scandinavian Late Iron Age,8,1,75
31,scull2016,"Social and economic complexity in early medieval England. A central place complex of the East Anglian kingdom at Rendlesham, Suffolk",9,1,75
31,ljungkvist2015c,Gamla Uppsala-The Emergence of a Centre and a Magnate Complex,10,1,75
37,gardela2018,Amazons of the North? Armed females in Viking archaeology and medieval literature,1,73,75
37,gardela2018b,Miniature Shields in the Viking Age: A Reassessment,2,42,75
37,gardela2013a,Warrior-Women' in Viking Age Scandinavia? A Preliminary Archaeological Study,3,29,75
37,kalinke1986,The Mysogamous Maiden Kings of Icelandic Romance,4,2,75
37,samdal1905,Gravene paa Myklebostad paa Nordfjordeid,5,2,75
37,backdanielsson1968,The Transitions of Bodies and Beings in Late Iron Age Scandinavia (Stockholm studies in archaeology 40),6,2,75
37,tolkien1960,Saga Heiðreks Konungs ins Vitra: the saga of King Heidrek the Wise,7,2,75
37,dieck1975,Literarische Erwähnungen und Moorleichenfunde,8,2,75
37,nadolski1954,"Andrzej Nadolski, Studia nad uzbrojeniem polskim w X, XI i XII wieku (Acta Archaeologica Universitatis Lodziensis 3)",9,2,75
37,morck1900,"Indberetning om arkaeologiske undersøgelser paa Nordre Kjølen, Aasnes pgd. Soløer' , Foreningen til fortidsmindesmaerkes bevaring. Aarsberetning for 1900",10,2,75
51,jackson2018,"Disequilibrium, adaptation, and the Norse settlement of Greenland",1,74,75
51,riede2009,"Climate Change, Demography, and Social Relations: An Alternative View of the Late Palaeolithic Pioneer Colonization of Southern Scandinavia",2,2,75
51,lynnerup2014a,Endperiod demographics of the Greenland Norse,3,2,75
51,cumming2008,Environmental Asymmetries,4,1,75
51,hayeursmith2016,"The 'Burgundian' hat from Herjolfsnes, Greenland: new discoveries, new dates",5,1,75
51,middleton2017,Understanding Collapse: Ancient History and Modern Myths,6,1,75
51,ledger2014,A Multiple Profile Approach to the Palynological Reconstruction of Norse Landscapes in Greenland's Eastern Settlement,7,1,75
51,kopar2009,The Use of Artistic Media in Norse Greenland,8,1,75
51,ostergard2011,Medieval Garments Reconstructed: Norse Clothing Patterns,9,1,75
51,appelt2009,"Tunit, Norsemen, and Inuit in thirteenth-century Northwest Greenland-Dorset between the devil and the Deep Sea",10,1,75
54,price2019,Vikings in Russia: Origins of the medieval inhabitants of Staraya Ladoga,1,74,75
54,price2019a,Vikings in Russia: Origins of the Medieval Inhabitants of Staraya Ladoga,2,31,75
54,davydova1999,Human Impact on Lake Ladoga as Indicated by Long-Term Changes of Sedimentary Diatom Assemblages,3,2,75
54,raffensperger2014,The place of Rus' in medieval Europe,4,2,75
54,gorelov1997,Chapter two. Karelia terrain,5,2,75
54,jackson2003,The image of old Rus' in old Norse literature (a placename study),6,2,75
54,jackson2009,Aldeigjuborg of the sagas in the light of archaeological data. Á austrvega. Saga and East Scandinavia,7,2,75
54,kirpichnikov1984,Early Ladoga during the Viking Age in the light of the international cultural transfers,8,2,75
54,platonova1996,In elaboration of dating of the cemetery on Zemlyanoe Gorodishche of the Staraya Ladoga,9,2,75
54,lalazarov2012,The Last Reconstruction of the Ladoga Fortress in the Second Part of 17th Century,10,2,75
55,raffield2016,Male-Biased Operational Sex Ratios and the Viking Phenomenon: An Evolutionary Anthropological Perspective on Late Iron Age Scandinavian Raiding,1,74,75
55,raffield2017,Male-biased operational sex ratios and the Viking phenomenon: An evolutionary anthropological perspective on Late Iron Age Scandinavian raiding,2,44,75
55,chagnon1988,"Life Histories, Blood Revenge, and Warfare in a Tribal Population",3,2,75
55,jochens1986,Consent in marriage: Old Norse life. Law and Literature,4,2,75
55,kvarnemo1995,Effects of Sex Ratio on Intra-and Intersexual Behaviour in Sand Gobies,5,2,75
55,ember1974,"Warfare, Sex Ratio, and Polygyny",6,2,75
55,forsgren2004,Unusually Dynamic Sex Roles in a Fish,7,2,75
55,hill1990,Wealhtheow' as a Foreign Slave: Some Continental Analogues,8,2,75
55,dickemann1979,"Female Infanticide, Reproductive Strategies, and Social Stratification: A Preliminary Model",9,2,75
55,zeitzen2008,Polygamy: A Cross-Cultural Analysis,10,2,75
60,hennius2018,Whalebone gaming pieces: Aspects of marine mammal exploitation in Vendel and Viking Age Scandinavia,1,73,75
60,hennius2018a,Viking Age Tar Production and Outland Exploitation,2,26,75
60,stahre2012,Med marinarkeologerna på Birka,3,2,75
60,arbman1993,Der Årby-fund,4,2,75
60,hennius2016,"Arkeologiska lämningar i skogsmark: Arkeologisk forskningsundersökning Dannemora 102:1, Österlövsta 970 & 974 Dannemora och Österlövsta Socknar, Tierps Kommun, Uppsala Län, Uppland",5,2,75
60,kupiec2015,Roles and Perceptions of Shielings and the Mediation of Gender Identities in Viking and Medieval Iceland,6,2,75
60,lindeblad1994,"Herrebro: Hällristningar och marknad: arkeologiska undersökningar av fornlämning 51 i Borgs socken, Östergötland (Uv-Rapporter 1993: 9)",7,2,75
60,persson1994,En studie av förhistorisk träkols-och tjärframställning i Skandinavien (C-Uppsats i arkeologi),8,2,75
60,hjulstrom2006,Organic geochemical evidence for pine tar production in middle eastern Sweden during the Roman Iron Age,9,2,75
60,konsa2013,"Tallinn: National Heritage Board, Tallinn Culture and Heritage Department",10,2,75
68,star2017,Ancient DNA reveals the Arctic origin of Viking Age cod from Haithabu,1,74,75
68,lotze2009,Historical Baselines for Large Marine Animals,2,1,75
68,knutsen2010,Are Low but Statistically Significant Levels of Genetic Differentiation in Marine Fishes 'biologically Meaningful'? a Case Study of Coastal Atlantic Cod,3,1,75
68,orton2014,Fish for the City: Meta-Analysis of Archaeological Cod Remains and the Growth of London's Northern Trade,4,1,75
68,hoffmann2004,Chromosomal Inversion Polymorphisms and Adaptation,5,1,75
68,jonsson2013,Fast approximate Bayesian estimates of ancient DNA damage parameters,6,1,75
68,lie1988,"Mindets Tomt'-'Søndre felt': Animal Bones, Moss-, Plant-, Insect-and Parasite Remains",7,1,75
68,schmolcke2004,"Nutztierhaltung, Jagd und Fischfang: Zur Nahrungsmittelwirtschaft des frühgeschichtlichen Handelsplatzes von Groß Strömkendorf, Landkreis Nordwestmecklenburg",8,1,75
68,hansen2017c,Comparing ancient DNA preservation in petrous bone and tooth cementum,9,1,75
68,frachetti2017,Nomadic ecology shaped the highland geography of Asia's Silk Roads,10,1,75
75,amundsen2017,Changing histories and ethnicities in a Sámi and Norse borderland,1,74,75
75,spangen2010,Guder-makter-mennesker-ting. om deponering av sølv som offer,2,1,75
75,spangberg2014,"En studie av fangstgroper og fangstanlegg for rein i Rendalen, og Engerdal, Hedmark",3,1,75
75,zachrisson2012,Samer i syd i gången tid -til Uppland och Oslotrakten i söder. Ny forskning från Norge och Sverige,4,1,75
75,mikkelsen1975,Jakt og fiske i steinbrukende tid i Hedmark,5,1,75
75,fossum2006,Förfädernas land,6,1,75
75,sommerseth2011,Archaeology and the Debate on the Transition from Reindeer Hunting to Pastoralism,7,1,75
75,fuglestvedt2006,Sandmokompleksetnyoppdagede groplokaliteter fra mesolittisk tid på sandholmen i askim kommune,8,1,75
75,hedman2003,Boplatser och offerplatser: ekonomisk strategi och boplatsmönster bland skogssamer 700-1600 ad,9,1,75
75,zachrisson1997a,Möten i gränsland. Samer och germaner i Mellanskandinavien. Monographs 4. Stockholm: Statens historiska museum,10,1,75
109,stott2019,Searching for Viking Age Fortresses with Automatic Landscape Classification and Feature Detection,1,74,75
109,tsai2008,Striping Noise Detection and Correction of Remote Sensing Images,2,1,75
109,biermann2016,North-western Slavic strongholds of the 8th-10th centuries AD,3,1,75
109,petersen2015,Refshaleborg-Borgen på øen i Søen,4,1,75
109,benediktsson1997,Hybrid Consensus Theoretic Classification,5,1,75
109,cowley2012,Historic Aerial Photographic Archives for European Archaeology,6,1,75
109,davis2019,Object-Based Image Analysis: A Review of Developments and Future Directions of Automated Feature Detection in Landscape Archaeology,7,1,75
109,trier2019,Using Deep Neural Networks on Airborne Laser Scanning Data: Results From a Case Study of Semi-Automatic Mapping of Archaeological Topography on Arran,8,1,75
109,andersen1992,"Skalk: Nyt Fra Fortiden 1992, 1",9,1,75
109,colgan2012,Mapping Savanna Tree Species at Ecosystem Scales Using Support Vector Machine Classification and BRDF Correction on Airborne Hyperspectral and LiDAR Data,10,1,75
114,keller2016,The northern frontier -North Atlantic farming during the Viking and Middle Ages,1,74,75
114,joensen1976,Pilot Whaling in the Faroe Islands,2,1,75
114,krivogorskaya2005,Fish Bones and Fishermen: the Potential of Zooarchaeology in the Westfjords,3,1,75
114,thorarinsson1970,Tephrochronology and medieval Iceland,4,1,75
114,lambin2005,"Conditions for Sustainability of Humanenvironment Systems: Information, Motivation, and Capacity",5,1,75
114,hitzler1979,Sel -Untersuchungen zur Geschichte des isländischen Sennwesens seit der Landnahmezeit. Instituttet for sammenlignende kulturforskning,6,1,75
114,olasson1998,"Dialogues with the Viking Age. Heimskringla, Mál og Menning Academic Division",7,1,75
114,krogh1982a,Erik den Rødes Grønland,8,1,75
114,mairs2007,Islands and Human Impact: Under What Circumstances Do People Put Unsustainable Demands on Island Environments? Evidenence From the North Atlantic,9,1,75
114,dennis2000,Laws of Early Iceland: Gra´ga´s: The Codex Regius of Gra´ga´s with Material from Other Manuscripts: 2,10,1,75
119,schneidhofer2017,"Palaeoenvironmental analysis of large-scale, high-resolution GPR and magnetometry data sets: The Viking Age site of Gokstad in Norway",1,74,75
119,syvitski1995,Sedimentology and Geomorphology of Fjords,2,1,75
119,proulxmcinnis2013,A review of ground-penetrating radar studies related to peatland stratigraphy with a case study on the determination of peat thickness in a northern boreal fen in quebec,3,1,75
119,chng2004,The Shotton River and Mesolithic dwellings: recreating the past from geo-seismic data sources,4,1,75
119,lambeck2010a,The Scandinavian Ice Sheet: from MIS 4 to the end of the Last Glacial Maximum,5,1,75
119,brivio2000,Multispectral and multiscale remote sensing data for archaeological prospecting in an alpine alluvial plain,6,1,75
119,darwin1990,"Geoelectric stratigraphy and subsurface evaluation of quaternary stream sediments at the Cooper Basin, NE Texas",7,1,75
119,donoghue1988,The Application of Remote Sensing to Environmental Archaeology,8,1,75
119,wilkinson2003,Colluvial Deposits in Dry Valleys of Southern England as Proxy Indicators of Palaeoenvironmental and Land-Use Change,9,1,75
119,bates2007,Mixed Method Approaches to the Investigation and Mapping of Buried Quaternary Deposits: Examples From Southern England,10,1,75
172,baastrup2014,Continental and insular import in Viking Age Denmark: Distribution and circulation,1,74,75
172,aud1997,AUD 1997,2,1,75
172,aud1992,AUD 1992,3,1,75
172,thomsen2009,Pit Houses on Zealand in the Late Iron Age and the Viking perioda survey based on the material from the excavation at Tissø,4,1,75
172,jorgensen1980,Vikinger ved Tissø: Gamle og Nye Fund fra et Handels- og Håndværkscenter,5,1,75
172,hyvass1986,Da Klinger i Muld... 25 Års Arkeologi i Danmark,6,1,75
172,jensenmoller2009,Algade 9 gør Aalborg ældre,7,1,75
172,lennartsson1999,Karolingische Metallarbeiten mit Pflanzenornamentik,8,1,75
172,christiansen1948,En Guldsmede-Matrice fra Vejleby,9,1,75
172,adamsen1997,Kuriosum,10,1,75
191,runge2018a,The Origins of Odense: New Aspects of Early Urbanisation in Southern Scandinavia,1,74,75
191,fussel2008,Georg Braun and Franz Hogenberg. Cities of the world,2,1,75
191,odman2014,The Trelleborg Constructors,3,1,75
191,pagh2016,Tamdrup. Kongsgård og mindekirke i nyt lys,4,1,75
191,runge2016,Byens transformationer. Odense Bys Museer,5,1,75
191,zinglersen2004,Byens kulturlagsmodeller. om metoden bag kulturlagsmodeller og den praktiske anvendelse heraf i odenses middelalderlige bykerne,6,1,75
191,riis1999,Odense Ået vandløb under stadig forandring,7,1,75
191,og2001,Fortid Og Nutid,8,1,75
191,lauritsen1974,Volden omkring vikingetidens Odense,9,1,75
191,harnow2005,Odense havn og kanal gennem 200 år,10,1,75
202,knudson2012,Migration and Viking Dublin: Paleomobility and paleodiet through isotopic analyses,1,74,75
202,kellner2007,A Simple Carbon Isotope Model for Reconstructing Prehistoric Human Diet,2,1,75
202,leach2010,"A Lady of York: migration, ethnicity, and identity in Roman Britain",3,1,75
202,odonnabhain2001,Dublin: the biological identity of the Hiberno-Norse town,4,1,75
202,holm2000,Viking Dublin and the Cityestate Concept Parameter and Significance of the Hiberno-Norse Settlement,5,1,75
202,kortshack1965,Carbon Dioxide Fixation in Sugarcane Leaves,6,1,75
202,gallet1998,Loess Geochemistry and Its Implications for Particle Origin and Composition of the Upper Continental Crust,7,1,75
202,herring1998,Investigating the Weaning Process in past Populations,8,1,75
202,halpin1993,"The Port of Medieval Dublin: Archaeological Excavation at the Civic Offices, Winetavern Street",9,1,75
202,mccabe2007,Glacial Geology and Geomorphology: The Landscapes of Ireland,10,1,75
203,reiter2019,Interpreting past Human Mobility Patterns: A Model,1,74,75
203,ceruti2004,Human Bodies as Objects of Dedication at Inca Mountain Shrines (north-western Argentina),2,1,75
203,maixner2013,Paleoproteomic Study of the Iceman's Brain Tissue,3,1,75
203,muller2003a,Origin and Migration of the Alpine Iceman,4,1,75
203,scheeres2014,Celtic Migration': Fact or Fiction? Strontium and Oxygen Isotope Analysis of the Czech Cemeteries of Radovesice and Kutná Hora in Bohemia,5,1,75
203,wendrich2008,The Archaeology of Mobility: Definitions and Research Approaches,6,1,75
203,gronenborn1999,A Variation on a Basic Theme: The Transition to Farming in Southern Central Europe,7,1,75
203,neipert2006,Der wanderhandwerker: archäologisch-ethnographische untersuchungen,8,1,75
203,gleirscher2004,Some Remarks on the Iceman: His Death and his Social Rank,9,1,75
203,wilson2007b,Stable Isotope and DNA Evidence for Ritual Sequences of Inca Child Sacrifice,10,1,75
216,catlin2016,"Archaeology for the Anthropocene: Scale, Soil, and the Settlement of Iceland",1,74,75
216,arnalds2004,Volcanic soils of Iceland,2,1,75
216,lewis2015a,Defining the anthropocene,3,1,75
216,lansing2007,Priests and Programmers: Technologies of Power in the Engineered Lanscape of Bali,4,1,75
216,cronon1991,Nature's Metropolis: Chicago and the Great West,5,1,75
216,ogilvie2010,"Historical climatology, climatic change, and implications for climate science in the twenty-first century",6,1,75
216,johnson2012,Phenomenological Approaches in Landscape Archaeology,7,1,75
216,braje2013,"Looking Forward, Looking Back: Humans, Anthropogenic Change, and the Anthropocene",8,1,75
216,lefebvre1991,The Production of Space,9,1,75
216,melville1990,Environmental and social change in the Valle del Mezquital,10,1,75
223,rundkvist2010,"Domed oblong brooches of Vendel period Scandinavia: Ørsnes types N and O and similar brooches, including transitional types surviving into the early Viking period",1,74,75
223,dreijer1966,Hängbrakteaterna från Geta och Birkaproblemet. Åländsk odling,2,1,75
223,rundkvist2003,"Department of Archaeology, University of Stockholm. -2003b. Barshalder 2. Studies of Late Iron Age Gotland. University of Stockholm. -2003c. Snake brooches of south Scandinavia",3,1,75
223,ailio1922,Karjalaiset Soikeat Kupurasoljet: Katkelma Karjalan Koristelutyylin Kehityshistoriasta. Suomen Muinaismuistoyhdistyksen Aikakauskirja,4,1,75
223,rasmussen1989,Lillevangen yngre germanertids gravplads med røser og raekkegrave på bornholms østkyst,5,1,75
223,marstrander1973,… menneskebenrad i siddende stilling… Honos Ella Kivikoski,6,1,75
223,ambrosiani1956,Fyrisleden,7,1,75
223,helgesson2002,"Järnålderns Skåne. Samhälle, centra och regioner (Uppåkrastudier 5/Acta Archaeologica Lundensia",8,1,75
223,blindheim1949,Et unikt vendelstilsarbeide fra Romsdal. Viking 13. Norsk Arkeologisk Selskab,9,1,75
223,waller1996,Kontinuitet och förändring under folkvandringstid och vendeltid,10,1,75
229,andren2000,Re-Reading Embodied Texts: An Interpretation of Rune-Stones,1,74,75
229,larsen1989,The Role of Vision in the Interpretation of Runes,2,1,75
229,klindtjensen1975,A Hi stor» of Scandi navian A& chaeology,3,1,75
229,holmback1943,Svenska Landskapslagar 4: Skånelagen och Gutalagen,4,1,75
229,lager1995,Kors på svensl. a &. unstenar. Duplicated seminar paper. Institute of Archaeology,5,1,75
229,lindkvist1988,"Plundring, skatter och den feodala statens fi an&värrt. organisatoriska tendense& i sve&i ge ande& ö ve& gå n gen flå n vilingatid till tidig medeltid",6,1,75
229,salberger1978,"Runsvenska namnstudier. Stockholm Studies in Scandinavian Philology, New Series 13",7,1,75
229,goody1986,The Logic of Writing and the Organization of Society,8,1,75
229,marcus1992,"Mesoamerican IJtriting Systems. Propaganda, Myth, and History in Four Ancient Civilisations",9,1,75
229,miillernd,Dyreornamentiken i Norden.,10,1,75
233,solli2011,The archaeology of ice. Finds from the Frozen Past. Exhibition in Historical Museum,1,74,75
233,mullerndd,Zoologiske archaeologiske Bestemmelser. Aarbøger for Nordisk Oldskyndighed og Historie,2,1,75
233,ruddiman2003,The Anthropogenic Greenhouse Era Began Thousands of Years Ago,3,1,75
233,solli1989,Problemer og muligheter omkring et arkeologisk kildemateriale,4,1,75
233,latour2003,The Promises of Constructivism,5,1,75
233,white1949,The Science of Culture,6,1,75
233,todorov1993,"On Human Diversity. Nationalism, Racism, and Exoticism in French Thought",7,1,75
233,nilsen2003,Brytninger Mellom Lokal Og Akademisk Kulturminnekunnskap,8,1,75
233,wolfe2010,What is Posthumanism?,9,1,75
233,waterton2006,The utility of discourse analysis to heritage studies. The Burra Charter and social inclusion,10,1,75
268,bill2020,Rulership in 1st to 14th Century Scandinavia: Royal Graves and Sites at Avaldsnes and beyond,1,74,75
268,jonsson1923,"Den oldnorske og oldislandske litteraturs historie, 2. gad",2,1,75
268,filmersankey2001,"Snape Anglo-Saxon cemetry: excavations and surveys 1824-1992. East Anglian Archaeology, report, 95. Suffolk County Council",3,1,75
268,krag1991,Ynglingatal og ynglingesaga: en studie i historiske kilder,4,1,75
268,sorokin1997,Water-Ways and Shipbuilding in North-Western Russia in the Middle Ages,5,1,75
268,nicolaysenndb,Om Borrefundet i 1852. Aarsberetning. Foreningen til Norske Fortidsmindesmerkers Bevaring,6,1,75
268,engevik2011,Myklebustskipet,7,1,75
268,dusse2013,Untersuchungen Zur Genealogischen Skaldendichtung,8,1,75
268,fulk2012,Therese 2011: skånes vikingatida skeppssättningar. en undersökning med vätterydsgravfältet som utgångspunkt,9,1,75
268,fett1936,Båtgraven på Jøa i Namdal,10,1,75
39,raffield2019,"Playing Vikings: Militarism, hegemonic masculinities, and childhood enculturation in Viking Age Scandinavia",1,72,74
39,raffield2019a,The Slave Markets of the Viking World: Comparative Perspectives on an Invisible Archaeology,2,38,74
39,clauskrag1982,Treller og Trellehold,3,2,74
39,cameron2016,How Stolen People Changed the World,4,2,74
39,warner2009,"On Crannogs'; David Wyatt, Slaves and Warriors in Medieval Britain and Ireland",5,2,74
39,laird2010,Archaeological Data Recovery Investigation of the Lumpkin's Slave Jail Site (44HE1053),6,2,74
39,jankowiak2016,Byzantine Coins in Viking-Age Northern Lands,7,2,74
39,goodall1990,Locks and Keys,8,2,74
39,lee1936,"As noted in the skaldic poem The Lay of Harold (ON Haraldskvaeði), v. 16, and Ah  mad ibn Fad  lān's observations of the Rūs court",9,2,74
39,ch2000,The Saga of the People of Laxardal,10,2,74
129,milek2012,"Floor Formation Processes and the Interpretation of Site Activity Areas: An Ethnoarchaeological Study of Turf Buildings at Thvera, Northeast Iceland",1,73,74
129,stein1989,Size Distributions of Artifact Classes: Combining Macro-and Micro-Fractions,2,1,74
129,roberts2005,Excavations at Gásir 2004: An Interim Report,3,1,74
129,kobylinski1997,Settlement Structures in Central Europe at the Beginning of the Middle Ages,4,1,74
129,rafnsson1977,Sámsstaðir í Þjórsárdal,5,1,74
129,oconnell1987,Alyawara Site Structure and Its Archaeological Implications,6,1,74
129,byock2004,"The Saga of the Volsungs: The Norse Epic of Sigurd the Dragon Slayer, London: Penguin. Callmer, J 1977",7,1,74
129,edvardssonmcgovern2007,Hrísheimar 2006: Interim Report,8,1,74
129,milek2011a,Vatnsfjörður 2010: Framvinduskýrslur/Interim Reports,9,1,74
129,hinz1989,Ländlicher Hausbau in Skandinavien vom 6 bis 14 Jahrhundert: Stova -Eldhus -Bur,10,1,74
140,rogers2020,Non-ferrous metalworking networks in Scandinavian-influenced towns of Britain and Ireland,1,71,72
140,crawford1923,"A Descriptive List of Irish Shrines and Reliquaries, Part 1",2,1,72
140,eremin1998,"Eremin, K., Graham-Campbell, J. and",3,1,72
140,taylor1987,A late Saxon strap-end mould from Carlisle,4,1,72
140,wilthew2002,Analysis of copper-alloy artefacts from pagan Norse graves in Scotland,5,1,72
140,kershaw2010,Culture and Gender in the Danelaw: Scandinavian and Anglo-Scandinavian Brooches,6,1,72
140,craddock1989,Metalworking Techniques,7,1,72
140,clarke1998,Proto-towns and towns in Ireland and Britain in the 9th and 10th centuries,8,1,72
140,laing2006,The Mote of Mark: A Dark Age Hillfort in South-West Scotland,9,1,72
140,bayley2008a,Metals and Metalworking: A Research Framework for Archaeometallurgy,10,1,72
22,lund2015,Living places or animated objects? sámi sacrificial places with metal objects and their south scandinavian parallels,1,52,71
22,lund2017,Connectedness with Things. Animated objects of Viking Age Scandinavia and Early Medieval Europe. Archaeological dialogues,2,43,71
22,gosden2005,What Do Objects Want?,3,2,71
22,steinsland2005,"Norron religion. Myter, riter, samfunn. Pax, Oslo. SMYKKER 1 giske avhandlinger fra Historisk museum",4,2,71
22,ryste2005,Edelmetalldepotene fra folkevandringstid og vikingtid i norge: gull og sølv i kontekst. hovefagsoppgave i arkeologi,5,2,71
22,ingold2000,"The Perception of the Environment: Essays in Livelihood, Dwelling and Skill",6,2,71
22,descola2013,Beyond Nature and Culture,7,2,71
22,brightman2012,"Animism in rainforest and tundra. personhood, animals, plants and things in contemporary amazonia and siberia",8,2,71
22,descola1992,Societies of Nature and the Nature of Society,9,2,71
22,hedeager2004,Dyr og andre menenskere -menneesker og andre dyr. dyreornamentikkens traanscendaentale realitet,10,2,71
12,fabech2013,Ritual landscapes and sacral places in the first millennium AD in South Scandinavia,1,69,70
12,hultgard1995,Fornskandinavisk kult -finns det skriftliga källor?,2,1,70
12,mortensen1988,Fra stamme til stat i Danmark,3,1,70
12,bradley2005,Ritual and Domestic Life in Prehistoric,4,1,70
12,bremen1975,"History of the Archbishops of Hamburg-Bremen, trans",5,1,70
12,strid1993,Kulturlandskapets språkliga dimension: ortnamnen,6,1,70
12,rosengren1997,"Slöinge i perspektiv' , in '... gick grendel att söka det höga huset...': arkeologiska källor till aristokratiska miljöer i skandinavien under yngre järnalder",7,1,70
12,lamm1999,"Århundradets brakteat"": kring fyndet av en unik tionde brakteat från söderby i danmarks socken",8,1,70
12,thrane1987,Das Gudme-Problem und die Gudme-Untersuchung: fragen der Besiedlung in der Völkerwanderungs-und der Merowingerzeit auf fünen,9,1,70
12,nilsson1992,Till frågan om kyrkans hållning till icke-kristna kultfenomen,10,1,70
192,burstrom2014,Things in the Eye of the Beholder: A Humanistic Perspective on Archaeological Object Biographies,1,69,70
192,jonsdottir1982,Helgastaðabók: Nikulás saga: Perg. 4to nr,2,1,70
192,halse2006,The Rhetorical Practice of Autobiography,3,1,70
192,nevett1999,Abandoned but Not Forgotten: Gerritsen on the Domestic Lifecycle,4,1,70
192,thompsonnd,"Indusiata: or, The adventures of a silk petticoat",5,1,70
192,allerton2007,The Secret Life of Sarongs: Manggarai Textiles as Super-Skins,6,1,70
192,barthes1971,"Sade, Fourier, Loyola",7,1,70
192,blackwell2007,"The Secret Life of Things: Animals, Objects, and It-Narratives in Eighteenthcentury England",8,1,70
192,olsen2012a,Archaeology: the discipline of things,9,1,70
192,vellinga1999,Merits and Limits of the Biographic Approach,10,1,70
270,draganits2015,The late Nordic Iron Age and Viking Age royal burial site of Borre in Norway: ALS-and GPR-based landscape reconstruction and harbour location at an uplifting coastal area,1,69,70
270,ostigard2009,Vikingtiden på Borre. Hvordan har fortiden blitt brukt og formidlet?,2,1,70
270,hedeager1988,Pengeøkonomi og prestisjeøkonomi i romersk jernalder,3,1,70
270,doneus2011,Airborne Laser Scanning in Forested Areas E Potential and Limitations of an Archaeological Prospection Technique,4,1,70
270,lambeck1995,Land Subsidence and Sea-Level Change: Contributions From the Melting of the Last Great Ice Sheets and the Isostatic Adjustment of the Earth,5,1,70
270,chappell1986,"Understanding Global Sea Levels: Past, Present and Future",6,1,70
270,ekman1996,A Consistent Map of the Postglacial Uplift of Fennoscandia,7,1,70
270,persson2012,"Vestfoldbaneprosjektet: Arkeologiske undersøkelser i Porsgrunn kommune, Telemark fylke. Årsrapport 2011. Kulturhistorisk museum",8,1,70
270,myhre1994a,Haugbrott eller gravplyndring i tidlig kristen tid,9,1,70
270,crutchley2010,The Light Fantastic. Using Airborne Lidar in Archaeological Survey,10,1,70
50,hayeursmith2018a,"Dorset, Norse, or Thule? Technological transfers, marine mammal contamination, and AMS dating of spun yarn and textiles from the Eastern Canadian Arctic",1,68,69
50,jull1996,Factors that Affect the Apparent Radiocarbon Age of Textiles,2,1,69
50,referencesanderson2013,"A high-resolution chronology for the Cape Krusenstern site complex, Northwest Alaska",3,1,69
50,ascough2005,Methodological Approaches to Determining the Marine Radiocarbon Reservoir Effect,4,1,69
50,ledger2016,"Dating and digging stratified archaeology in circumpolar North America: A view from Nunalleq, Southwestern Alaska",5,1,69
50,nilsen2016,Marine Mammal Train Oil Production Methods: Experimental Reconstructions of Norwegian Iron Age Slab-Lined Pits,6,1,69
50,bronkramsey2017,Methods of Summarising Radiocarbon Datasets,7,1,69
50,isaksson2010,Analys av organiska lämningar från Tyrestad: Uppdragsraport 161,8,1,69
50,gronnow2017,"The Frozen Saqqaq Sites of Disko Bay, West Greenland: Qeqertasussuk and Qajaa (2400-2900 BC). Studies of Saqqaq Material Culture in an Eastern Arctic Perspective",9,1,69
50,einarsson2011,"Róum við i selinn, rostungs út á melinn. Um rostunga við Íslandsstrendur",10,1,69
208,raninen2014,Finland as a part of the 'Viking World',1,68,69
208,carpelan2003,Inarilaisten Arkeologiset Vaiheet,2,1,69
208,lehtosalohilander1990,Le Viking finnois,3,1,69
208,kriiska2007,Viron esihistoria. Suomalaisen Kirjallisuuden Seuran Toimituksia 1105,4,1,69
208,lehtosalohilander1985,Viikinkiajan aseista: leikkejä luvuilla ja lohikäärmeillä,5,1,69
208,alenius2011,"Maritime Landscape in Change: Archaeological, Historical, Palaeoecological and Geological Studies on Western Uusimaa. Iskos 19",6,1,69
208,fewster2006,Visions of past Glory: Nationalism and the Construction of Early Finnish History,7,1,69
208,orrman1991,Geographical Factors in the Spread of Permanent Settlement in Parts of Finland and Sweden from the End of the Iron Age to the Beginning of the Modern Times,8,1,69
208,taavitsainen1999,Wilderness Commerce and the Development of Boat Types: The Remains of the Hartola Boat,9,1,69
208,bogucki2007a,Coin Finds in the Viking-Age Emporium of Janów Pomorski (Truso) and the 'Prussian Phenomenon',10,1,69
209,skre2017,Monetary practices in early medieval western Scandinavia (5th-10th centuries AD),1,68,69
209,gulibekk2005,Natural and Money Economy in Medieval Norway,2,1,69
209,andren1991a,Guld och makt -en tolkning av de skandinaviska guld brak teaternas funktion,3,1,69
209,fonnesbechsandberg1985,Hoard finds from the early Germanic Iron Age,4,1,69
209,munksgaard1956,"Late-Antique scrap silver found in Denmark: the Hardenberg, Høstentorp and Simmersted hoards",5,1,69
209,innes1914,The Credit Theory of Money,6,1,69
209,axboe1991,Guld og guder i folkevandringstiden,7,1,69
209,kilger2015,Hoards and Sinuous Snakes: Significance and Meaning of Ring Ornaments in Early Viking Age Hoards From Gotland,8,1,69
209,rovelli2012,Jernproduksjon i norge i romertid; en marginal eller sentral ressurs?,9,1,69
209,naismith2012a,"Kings, crisis and coinage reforms in the mid-eighth century",10,1,69
206,roslund2017,"Bringing ""the periphery"" into focus: Social interaction between Baltic Finns and the Svear in the Viking Age and Crusade period (c. 800 to 1200)",1,67,68
206,stang1981,Rysslands uppkomst: En tredje ståndpunkt,2,1,68
206,ryabinin1986,Cultural Links of Finno-Ugric Tribes in the Middle Ages: Based on Archaeological Data,3,1,68
206,ryabinin1978,Finno-Ugric paganism and Old Russia (Based on Archaeological Data),4,1,68
206,arne1934,"Das Bootgräberfeld von Tuna in Alsike, Uppland. Monografier, Kungl. Vitterhets-, historie-och antikvitetsakademien 20",5,1,68
206,alenius2011a,From Forest to a Farmland. Palaeoenvironmental Reconstruction of the Colonization of Western Uusimaa,6,1,68
206,ligi1993,National Romanticism in Archaeology: The Paradigm of Slavonic Colonization in North-West Russia,7,1,68
206,uino2006,The Background of the Early Medieval Finnic Population in the Region of the Volkhov River: Archaeological Aspects,8,1,68
206,makarov1990,Население русского Севера в XI-XIII вв. По материалам могильников восточного Прионежья,9,1,68
206,spiridonov1991,Karelians in the North of Fennoscandia in the 11th-13th Centuries: A View from the East,10,1,68
34,oehrl2019,Re-interpretations of Gotlandic picture stones based on the reflectance transformation imaging method (RTI): Some examples,1,66,67
34,oehrl2017,Der göttliche Schiffsbegleiter mit dem 'Hörnerhelm'. Ein bislang unbekanntes wikingerzeitliches Bildsteinfragment aus St. Valle im Kirchspiel Rute auf Gotland,2,66,67
34,oehrl2014,Germanische Altertumskunde Online (GAO),3,2,67
34,blindheim1972,Sigurds Saga i middelalderens billedkunst: Utstilling i Universitets Oldsaksamling 1972-1973,4,2,67
34,bohner1976,Die Reliefplatten von Hornhausen,5,2,67
34,fingerlin2010,"Die ältesten christlichen Bilder der Alamannia: Zu Herkunft und Ikonographie der drei silbernen Phalerae aus dem Kammergrab von der 'Gierhalde' in Hüfingen, dem Hauptort der frühmittelalterlichen Baar",6,2,67
34,ellmers1986,Schiffsdarstellungen Auf Skandinavischen Grabsteinen,7,2,67
34,kopar2012,Gods and Settlers: The Iconography of Norse Mythology in Anglo-Scandinavian Sculpture,8,2,67
34,eshleman1983,The Monumental Stones of Gotland: A Study in Style and Motif. A Thesis submitted to the Faculty of the Graduate School of the University of Minnesota,9,2,67
34,north2001,Loki's Gender: Or why Skaði Laughed,10,2,67
84,beck2018,Revisiting the Trelleborg House: A Discussion of House Types and Assemblages,1,66,67
84,boye1992,Huskronologi for sjaellandske jernalderhuse? fremlaeggelse af en metode med udgangspunkt i bellingegårdbopladsen,2,1,67
84,kling1984,"Arkeologisk huvudundersökning österom Sommarlustvägen, Tygelsjö, Malmö kommun",3,1,67
84,gjerlevsen2013,Varde: Museet for Varde By og Omegn,4,1,67
84,graslund1987,The Birth of Prehistoric Chronology: Dating Methods Systems in Nineteenth Century Scandinavian Archaeology,5,1,67
84,tornbjerg2002,"Udgravningsberetning. KØM 1200 Bebyggelse. Jernalder, vikingetid og yngre stenalder. Bøgelund. Varpelev sogn, Stevns herred, Praestø amt",6,1,67
84,waterbolk1994,Kongehallen fra Lejre -om rekonstruktionen af vikingehallen fra Gl,7,1,67
84,krieger1944,The Typological Concept,8,1,67
84,normark2010,Involutions of Materiality: Operationalizing a Neo-Materialist Perspective Through the Causeways at Ichmul and Yo'okop,9,1,67
84,sovso2013,Enkeltgården syd for kalvslund kirkedens historie og udvikling gennem yngre germansk jernalder og vikingetid,10,1,67
121,beck2017,Temporalising the House: Exploring Alternative Perspectives on Time and the Archaeological Record Within Danish Settlement Archaeology,1,66,67
121,ejstrud2000,Vendehøj -landsby og gravplads,2,1,67
121,vanoyen2015,"Actor-Network Theory's Take on Archaeological Types: Becoming, Material Agency and Historical Explanation",3,1,67
121,larsson2006a,Den mänskliga staden?,4,1,67
121,olsen1968,Om at Udgrave Stolpehuller,5,1,67
121,gosden1994,Social Being and Time,6,1,67
121,bailey1990,The Living House: Signifying Continuity,7,1,67
121,mikkelsen1998a,Bopladsudgravninger: en forskningsmaessig status,8,1,67
121,eisenschmidt2013,Kulturwandel in spannungsfeld von tradition und innovation,9,1,67
121,gosden2015,Process archaeology (P-Arch),10,1,67
132,gustin2017,"Contacts, identity and hybridity: Objects from south-western Finland in the Birka graves",1,66,67
132,tarkiainen2008,Från forntiden till Gustav Vasa,2,1,67
132,jaanusson1981,"A Study of Pottery from a Late Bronze Age Settlement in Central Sweden. The Museum of National Antiquities, Stockholm, Studies 1. Stockholm",3,1,67
132,wells1999a,The Barbarians Speak: How the Conquered Peoples Shaped Roman Europe,4,1,67
132,hall1990a,Cultural Identity and Diaspora,5,1,67
132,arne1911,Sveriges Förbindelser med Östern under Vikingatiden,6,1,67
132,naum2008,Homelands Lost and Gained: Slavic Migration and Settlement on Bornholm in the Early Middle Ages,7,1,67
132,kyhlberg1980,Helgö och birka: kronologisk-topografisk analys av grav-och boplatser. arkeologiska rapporter och meddelanden från institutionen för arkeologi vid stockholms universitet 6,8,1,67
132,valdemars1995,Kung Valdemars Segelled,9,1,67
132,graslund2007b,Det mångkulturella Birka,10,1,67
187,toplak2015,Prone burials and modified teeth at the Viking Age cemetery of Kopparsvik: The changing of social identities at the threshold of the Christian Middle Ages,1,66,67
187,westholm1989,Visby. Bönders hamn och handelsplats,2,1,67
187,kjellstrom2014,Indications of Spatial and Temporal Trends as Manifested in New Cases of Men with Modified Teeth from Sweden (AD 750-1100),3,1,67
187,taylor2008,Aspects of Deviant Burial in Roman Britain,4,1,67
187,yrwing1994,Debatt. Gun Westholm och Visbysamhällets uppkomst. Svar på ett genmäle,5,1,67
187,pettersson1966,Undersökningen av gravfältet vid Kopparsvik,6,1,67
187,staecker1998,Prozesse der Normbildung und Normveränderung im mittelalterlichen Europa,7,1,67
187,sjoberg1985,Society and trade in the Baltic during the Viking Age,8,1,67
187,gardela2011a,Buried with honour and stoned to death? The ambivalence of Viking Age magic in the light of archaeology,9,1,67
187,blomkvist2005,The Discovery of the Baltic. The Reception of a Catholic World-System in the European North (AD 1075-1225),10,1,67
224,sindbaek2007,The Small World of the Vikings: Networks in Early Medieval Communication and Exchange,1,65,67
224,sindbaek2007a,Networks and nodal points: the emergence of towns in early Viking Age Scandinavia,2,11,67
224,brather1996,Feldberger Keramik und frühe Slawen,3,2,67
224,janssen1987,"Die Importkeramik von Haithabu, Wachholtz, Neumu ¨nster Kars, H, 1983 'Early-medieval Dorestad, an archaeo-petrological study part VIII: summary of the petrographical results",4,2,67
224,sawyer1977,The Vikings. Proceedings of the Symposium of the Faculties of Arts of Uppsala University,5,2,67
224,filipowiak1993,Die Häfen von Wollin im 9,6,2,67
224,soren2002,Metalworking and Central Places. Uppåkrastudier 6 (Acta Archaeologica Lundensia Ser,7,2,67
224,blinkhorn1999,"Of Cabbages and Kings: Production, Trade, and Consumption in Middle-Saxon England",8,2,67
224,ohlsson1976,"The Löddeköpinge Investigations I. The Settlement at Vikhögsvägen. Meddelanden från Lunds universitets historiska museum 1975-76, New series",9,2,67
224,jankuhn1956,Ein Handelsplatz der Wikingerzeit,10,2,67
16,fahlander2016,The materiality of the ancient dead: Post-burial practices and ontologies of death in southern Sweden AD 800-1200,1,55,66
16,fahlander2018,Grave encounters: Ontological aspects of post-burial interaction in the Late Iron Age of central eastern Sweden,2,43,66
16,hedeager2011,Iron Age Myth and Materiality: An Archaeology of Scandinavia AD 400-1000. L and,3,2,66
16,fahlander2010,Messing with the Dead. Postdepositional Manipulations of Burials and Bodies in the South Scandinavian Stone Age,4,2,66
16,wikstrom2006,"Utviklingen av hushold og håndverk i Oslos tidlige middelalder. Urbaniseringsprosessen belyst ved aktivitetsanalyser fra Søndre felt og Mindets tomt. Hovedoppgave. IAKH, Det humanistiske fakultet",5,2,66
16,thate2007,Monuments and Minds. Monument Re-use in Scandinavia in the Second Half of the First Millenium AD (= Acta Archaeologica Lundensia Series in,6,2,66
16,williams2005a,"Animals, Ashes and Ancestors",7,2,66
16,alberti2009,Introduction. Special Section: Animating Archaeology: Of Subjects Objects and Alternative Ontologies,8,2,66
16,holloway2008,Charcoal Burial: A Minority Rite in Early Medieval Europe,9,2,66
16,lindqvist2010,Återkomst och återbruk. kulten av det förflutna under den yngsta järnåldern,10,2,66
98,sanmark2013,Assembly in North West Europe: Collective Concerns for Early Societies?,1,64,66
98,semple2013,"Perceptions of the Prehistoric in Anglo-Saxon England: Religion, Ritual, and Rulership in the Landscape",2,42,66
98,staf1935,Marknad och möte: studier rörande politiska underhandlingar med folkmenigheter i Sverige och Finland intill Gustav II Adolfs tid. Stockholm: Börtzells tryckeri,3,2,66
98,brynjulfurnd,"Skrá yfir eyðibýli í Landsveit, Rangarvallasveit og Holtasveit í Rangárvallasýslu. Árbók hins íslenzka fornleifafélags",4,2,66
98,larsson1995,Runic Inscriptions as a Source for the History of Settlement,5,2,66
98,glass2011,Tracks Through Time: The Archaeology of the Channel Tunnel Rail Link,6,2,66
98,hebede1968,Historia Ecclesiastica Gentis Anglorum (Ecclesiastical History of the English Nation),7,2,66
98,vestergaard1988,The System of Kinship in Early Norwegian Law,8,2,66
98,gilchrist1995,Contemplation and Action: The Other Monasticism,9,2,66
98,iversen1956,Conference paper delivered at 'Power and Place in Later Roman and Early Medieval Europe: Interdisciplinary Perspectives on Governance and Civil Organisation,10,2,66
1,aannestad2018,"Charisma, violence and weapons: The broken swords of the Vikings",1,63,65
1,aannestad2018a,The Allure of the Foreign. The Social and Cultural Dimension of Imports in Scandinavia in the Viking Age,2,56,65
1,skaare1963,Angelsaksiske mynter -i britisk mynthistorie og i norske vikingtidsfunn,3,2,65
1,wilson1960a,Anglo-Saxon Art from the Seventh Century to the Norman Conquest,4,2,65
1,pedersen2008,Weights and Balances. I The Means of Exchange. Dealing with Silver in the Viking Age,5,2,65
1,callmer2008,The Meaning of Women's Ornaments & Ornamentation. Eastern Middle Sweden in the Eighth and Early Ninth Century,6,2,65
1,mauss1950,"Gaven: utvekslingens form og årsak i arkaiske samfunn, cappelens upopulaere skrifter 26",7,2,65
1,dumville2008,Vikings in Insular Chronicling,8,2,65
1,mikkelsen2002,"Handel -misjon -religionsmøter. Impulser fra buddhisme, islam og kristendom i Norden 500-1000 e. Kr",9,2,65
1,waller1982,Swedish Contacts with the Eastern Baltic in the Pre-Viking and Early Viking Ages: The Evidence from Helgö,10,2,65
291,price2015,"Excavating the Fimbulwinter? Archaeology, geomythology and the climate event(s) of AD 536",1,64,65
291,kutterolf2008,Pacific Offshore Record of Plinian Arc Volcanism in Central America: 2. Tephra Volumes and Erupted Masses,2,1,65
291,kaul2004,Bronzealderens Religion: Studier af den Nordiske Bronzealders Ikonografi. Copenhagen,3,1,65
291,gunnel2013,The Nordic Apocalypse: Approaches to Voluspa and Nordic Days of Judgement,4,1,65
291,axboe2001,Amulet Pendants and a Darkened Sun,5,1,65
291,stothers1984,Mystery cloud of AD 536,6,1,65
291,stenberger1933,"Oland under Aldre Jarndaldern: en Bebyggelsehistorisk Undersékning. Stockholm, Kungl. Vitterhets-, historie-och antikvitetsakademien",7,1,65
291,abbott2008,"ABBOTT, D. H., BISCAYE, P., COLE-DAI, J. and BREGER, D. 2008. Magnetite and silicate spherules from the GISP2 Core at the 536",8,1,65
291,buckland1997,Bronze Age myths? Volcanic activity and human response in the Mediterranean and North Atlantic regions,9,1,65
291,traufetter2004,Spatiotemporal variability in volcanic sulphate EXCAVATING THE FIMBULWINTER? 131 deposition over the past 2 kyr in snow pits and firn cores from Amundsenisen,10,1,65
74,sindbaek2016,"Steatite Vessels and the Viking Diaspora: Migrants, Travellers, and Cultural Change in Early Medieval Britain and Ireland",1,63,64
74,osullivan1970,Early Medieval Archaeology Project: Investigating the Character of Early Medieval Archaeological Excavations,2,1,64
74,gardiner1990,"Steyning, Sussex (Excavation Report)",3,1,64
74,sheehan2001,"A Viking Age maritime haven: a reassessment of the island settlement at Beginish, Co. Kerry",4,1,64
74,oriordain1971,Excavations at High Street and Winetavern Street,5,1,64
74,addyman1969,"Little Paxton, Cambridgeshire (Excavation Report)",6,1,64
74,rogerson1995,"Middle Harling, Norfolk (Excavation Report)",7,1,64
74,audouy2009,Raunds (Excavation Report),8,1,64
74,loveluck2007a,"Flixborough, Lincolnshire (Excavation Report)",9,1,64
74,coggins1983,"Simy Folds, Yorkshire (Excavation Report)",10,1,64
26,zoega2017,An Archeology of Moments: Christian Conversion and Practice in a Medieval Household Cemetery,1,61,62
26,boddington1996,"Raunds Furnells. The Anglo-Saxon church and churchyard, Raunds Area Project",2,1,62
26,beckra2007,Eventful Archaeology: The Place of Space in Structural Transformation,3,1,62
26,gilchrist2015,Transforming Medieval Beliefs: The Significance of Bodily Resurrection to Medieval Burial Rituals,4,1,62
26,sveinbjarnardottir2001,Kirkjur Reykholts,5,1,62
26,sanmark2002,Power and Conversion -a Comparative Study of Christianization in Scandinavia,6,1,62
26,steffen1943,"Gotlands administrativa, rättsliga och kyrkliga organisation fràn äldsta tider tillar 1645",7,1,62
26,gestsdottir2014,Osteoarthritis in Iceland. An Archaeological Study. Reykjavı´k: Faculty of History and Philosophy,8,1,62
26,bynum1995,The Resurrection of the Body in Western Christianity,9,1,62
26,thorlaksson2005,Church Centres Church Centres in Iceland form the 11th to the 13th Century and their Parallels in other Countries,10,1,62
97,hilberg2016,Hedeby's Demise in the Late Viking Age and the Shift to Schleswig,1,61,62
97,hatz1974,Handel und Verkehr zwischen dem Deutschess Reich und Schweden in der späten Wikingerzeit,2,1,62
97,asmus2012,Medieval Copper Smelting in the Harz Mountains,3,1,62
97,carelli2012,Lunds Historia -staden och omlandet,4,1,62
97,bartlett1996,"Die Geburt Europas aus dem Geist der Gewalt. Eroberung, Kolonisierung und kultureller Wandel von 950 bis 1350",5,1,62
97,ludtke1985,Die mittelalterliche Keramik von Schleswig Ausgrabung Schild 1971-1975,6,1,62
97,wehner2007,Der frühgeschichtliche Seehandelsplatz Wolin und sein Umland. Eine Studie zu Zentrum und Peripherie,7,1,62
97,radtke2002,Schleswig im vorlübischen Geldund Warenverkehr zwischen westlichem Kontinent und Ostseeraum,8,1,62
97,henricson2006,Hålglas i Sigtuna -300-tal till 1900-tal,9,1,62
97,hybel2013,Marca und Feudum -Das dänische Königtum und der Kaiser,10,1,62
116,carver2015,Commerce and cult: Confronted ideologies in 6th-9th-century Europe,1,61,62
116,price2018,Multi-Isotope Proveniencing of Human Remains from a Bronze Age Battlefield in the Tollense Valley in Northeast Germany,2,3,62
116,skre2012,"Markets, towns and currencies in Scandinavia ca. AD 200-1000. I S. Gelichi og R. Hodges (red.), From one sea to another",3,2,62
116,hodges2012,Adriatic Sea trade in a European perspective,4,2,62
116,carver2010,The Birth of a Borough: an Archaeological Study of Anglo,5,1,62
116,willemsen2010,Dorestad in an International Framework: New Research on Centers of Trade and Coinage in Carolingian Times,6,1,62
116,loveluck2005,Rural Settlement Hierarchy in the Age of Charlemagne,7,1,62
116,lane2000,Dunadd: An Early Dalriadic Capital,8,1,62
116,mullerwille2007,Has Reviewed the Diverse Terminology that Has Grown up to Describe 7th-9thcentury Pre-Urban Centres of Social and Economic Activity; See Also Steuer,9,1,62
116,arrhenius2011,Excavations at Helgö XVIII: Conclusions and New Aspects,10,1,62
94,pedersen2015,Inn i fortida -ut i verden -i museet! Vitark -Acta Archaeologica Nidarosiensia,1,60,61
94,wagner2001a,Germany: a case history of complex reaction and remobilization processes,2,1,61
94,sundblad1994,A genetic reinterpretation of the Falun and Åmmeberg ore types,3,1,61
94,tereygeol2005,La monnayage de Melle au haut Moyen Age: état de la recherche,4,1,61
94,homer1991,"Tin, lead and pewter",5,1,61
94,bjorlykke1990,Metallogeny and lead isotope data from the Oslo Paleorift,6,1,61
94,stosgale1997,Lead Isotope Characteristics of the Cyprus Copper Ore Deposits Applied to Provenance Studies of Copper Oxhide Ingots,7,1,61
94,bode2008,Archäometallurgische Untersuchungen zur Blei-/Silbergewinnung im Germanien der frühen Römischen Kaiserzeit,8,1,61
94,billstrom1990,A Lead Isotope Study of Two Sulphide Deposits and Adjacent Igneous Rocks in South-Central Sweden,9,1,61
94,blanchard2001,"Mining, metallurgy and minting in the Middle Ages",10,1,61
142,hadley2016,radiocarbon dates for the cist graves are AD 1030-1210 and AD 1025-1165,1,37,61
142,hadley2018,In search of the Viking Great Army: Beyond the winter camps,2,37,61
142,richards2012,"Settlement, Landscape, and Economy in Early Medieval Northumbria: The Contribution of Portable Antiquities",3,4,61
142,richards1999,Stable isotope evidence for similarities in the types of marine foods used by late mesolithic humans at sites along the atlantic coast of europe,4,3,61
142,richards2009,Anglo-Saxon landscape and economy: using portable antiquities to study Anglo-Saxon and Viking Age England,5,3,61
142,everson2007,"Two Newly Discovered Fragments of Pre-Viking Sculpture: Evidence for a Hitherto Unsuspected Early Church Site at South Leverton, Nottinghamshire?",6,2,61
142,edwards1991,The transportation system of Medieval England and Wales,7,2,61
142,russel2014,Woodstown: A Viking-Age Settlement in Co,8,2,61
142,biddle2001,"Great Heathen Army"". I Vikings and the Danelaw: Select Papers from the Proceedings of the Thirtheenth Viking Congress",9,2,61
142,whitelock1961,"The Anglo-Saxon Chronicle, Eyre & Spottiswoode",10,2,61
78,kemmers2011,Rethinking Numismatics: The Archaeology of Coins,1,59,60
78,merleauponty1944,Phenomenology of Perception,2,1,60
78,shanks1998a,Life of an artefact,3,1,60
78,ostergren1989,"Mellan stengrund och stenhus : gotlands vikingatida silverskatter som boplatsindikation (stockholm: theses and papers in archeology 2. new series, a)",4,1,60
78,bertell2003,"Tor och den nordiska åskan. Föreställningar kring världsaxeln, Stockholm (Diss. Stockholms universitet",5,1,60
78,nash1978,Plus ça change. Currency in central Gaul from Julius Caesar to Nero,6,1,60
78,creighton2000,Coins and power in Late Iron Age,7,1,60
78,petersson1948,"S:t Jörgen i Åhus, Meddelanden från Lunds universitets historiska museum",8,1,60
78,aarts2009,Tribal emission or imperial coinage? Ideas about the production and circulation of the so-called AVAVCIA coinages in the Rhineland,9,1,60
78,insoll2007,The archaeology of identities. A reader,10,1,60
88,kristjansdottir2015,Becoming Christian: A matter of everyday resistance and negotiation,1,59,60
88,islendingabok1968,Íslensk fornrit I. Reykjavík: Fornritafélagið,2,1,60
88,byock2005,A Viking-age valley in Iceland: the Mosfell archaeological project,3,1,60
88,jones2003,Women's Influence on the Design of Urban Homes,4,1,60
88,bhabha1994,The Location of Culture,5,1,60
88,brink2013,"Early ecclesiastical organization of Scandinavia, especially Sweden",6,1,60
88,gosden2001,"Postcolonial Archaeology. Issues of Culture, Identity and Knowledge",7,1,60
88,tesch2007b,Tidigmedeltida sepulkralstenar i Sigtuna,8,1,60
88,didiplomatariumislandicumnd,Hið íslenzka bókmenntafélag,9,1,60
88,gullbekk2012,Salvation and Small Change: Medieval Coins in Scandinavian Churches,10,1,60
269,rohdesloth2012,"Viking Age garden plants from southern Scandinavia: Diversity, taphonomy and cultural aspects",1,59,60
269,heimdahl2005,"Urbanised Nature in the Past: Site Formation and Environmental Develop ment in Two Swedish Towns, ad 1200-1800'",2,1,60
269,moltsen2005,Arkaeologi og naturvidenskab i et vaerkstedsområde fra det tidlige,3,1,60
269,bjorkman2007,Från tundra till skog. miljöförandringer i norra skåne under jägarestenåldern,4,1,60
269,andreasson2010,"Arkeologi och arkeobotanik: växtmaterial som kundskapskällaatt analysera och tolka de fysiska lämningarna efter människor, mat och aktiviteter",5,1,60
269,lager2003,Runestones and the conversion of Sweden,6,1,60
269,gleason1994,To Bound and to Cultivate: An Introduction to the Archaeology of Gardens and Fields,7,1,60
269,hansen1977,The Fyrkat Grain: A Geographical and Chronological Study of Rye,8,1,60
269,kroll1986,"Zur Bearbeitung der Pflanzenfunde der Ausgrabungen von Kosel, Schwanzen (Kreis Rendsburg-Eckerförde)",9,1,60
269,lange1997,"Klosterplanter"" før klostre byggedes i Norden",10,1,60
20,lund2005,Thresholds and Passages: The Meanings of Bridges and Crossings in the Viking Age and Early Middle Ages. Viking and Medieval Scandinavia,1,41,59
20,lund2004,Haendelser ved vanden analyse af våbendeponeringer fra vikingetid på sjaelland og i skåne,2,38,59
20,stidsing1999,To Pragtsvaerd Fra Vikingetiden,3,2,59
20,jerichow1997,"Dansk militaer i england i vikingetiden. upubliceret cand.mag. speciale, forhistorisk arkaeologi",4,2,59
20,fabech1992a,Social Organisation and Religious Ceremonies -South Scandinavia from Paganism to Christianity,5,2,59
20,behrend1970,Vandfundne svaerd fra middelalderen. I: Nationalmuseets Arbejdsmark,6,2,59
20,bonde1982,Trelleborgs alder. Dendrokronologisk datering. Aarbøger for Nordisk Oldkyndighed Og Historie,7,2,59
20,ravn1999,En traevej fra kong Godfreds tid,8,2,59
20,petersen1919,"En typologisk-kronologisk studie over vikingtidens vaaben. Videnskapsselskapets skrifter II, Historisk-Filosofisk Klasse 1919(1). Dybwad, Kristiania. 1951 Vikingetidens redskaper. Skrifter utgitt av Det Norske Vitenskaps-Akademi i Oslo II, Historisk-Filosofisk Klasse 1951",9,2,59
20,stoklund1991,"Runesten, kronologi og samfundsrekonstruktion. nogle kritiske overvejelser med udgangspunkt i runestenene i mammenområdet",10,2,59
57,arwillnordbladh2012,Ability and Disability: On Bodily Variations and Bodily Possibilities in Viking Age Myth and Image,1,48,58
57,arwillnordbladh2013,"Negotiating Normativities: ""Odin from Lejre"" as Challenger of Hegemonic Orders",2,27,58
57,sorensen1997a,Reading dress: the construction of social categories and identities in Bronze Age Europe,3,2,58
57,bragg1997,From the Mute God to the Lesser God: Disability in Medieval Celtic and Old Norse Literature,4,2,58
57,thomson1997,Extraordinary Bodies: Figuring Physical Disability in American Culture and Literature,5,2,58
57,christensen2008a,Lejre and Roskilde,6,2,58
57,christensen2010a,"Gud, konge eller …?",7,2,58
57,bergqvist1999,"Fynden i centrum. Keramik, glas och metall från Uppåkra. Uppåkrastudier 2. Acta Archaeologica Lundensia 2. Series in 8°No 30",8,2,58
57,sonne2010,Den lille sølvfigur fra Lejre. Bemaerkninger til tolkningen af en mulig Odin-figur. 1066-Tidsskrift for historie,9,2,58
57,vikingatidens1995,Historia I Fickformat. Statens Historiska Museum,10,2,58
159,krzewinska2018,Genomic and Strontium Isotope Variation Reveal Immigration Patterns in a Viking Age Town,1,57,58
159,nesbitt2016,Multiculturalism on Hadrian's Wal,2,1,58
159,hillson2005,"Teeth. Cambridge manuals in archaeology, 2e edn",3,1,58
159,technology2017,"Network, version 5.0.0.3",4,1,58
159,schour1941,The Development of the Human Dentition,5,1,58
159,eiberg2008,Blue eye color in humans may be caused by a perfectly associated founder mutation in a regulatory element located within the HERC2 gene inhibiting OCA2 expression,6,1,58
159,meller2012,Mobility in Thuringia or mobile Thuringians: a strontium isotope study from early medieval Central Germany,7,1,58
159,phenice1969,A Newly Developed Visual Method of Sexing the Os Pubis,8,1,58
159,wikstrom2005,Ka ˚ls€ angen 1,9,1,58
159,martiniano2016,Genomic signals of migration and continuity in Britain before the Anglo-Saxons,10,1,58
258,barndon2005a,Metall og myter – magi og transformasjon: refleksjoner omkring den norrøne smedens kunnskap og identitet i et komparativt perspektiv,1,57,58
258,brelstord1949,Rituals and Medicines of Chisinga Iron Workers,2,1,58
258,childs2005,"Metallurgy and its consequences, I: Stahl, A. (red.): African Archaeology, A Critical Introduction",3,1,58
258,marte2002,Smed en og hans produ kter i norsk viking tid. 1: Hoig ird-H ofsct . E. (red.) . UKM -En mang foldig forsk nings institu s}on. Unive rsitet ets kultu rhisto riske muse ers skrift er,4,1,58
258,davidson1982,Scandinavian Mythology,5,1,58
258,hesio1984,"Lond on. Heus ch, L. de. 1975: Le roi, les forge rons et les prem iers homm es dans | ' ancie nne socié té kongo",6,1,58
258,hines2003,"Myth and realit y: the contr ibutio n of Archa colog y. 1: Ross, M. C. (red): Old Norse Myths , Litera ture and Socie ty",7,1,58
258,rundberget2002,En teoretisk og metodisk tinerming til jernvinna som kilde for mennesklig kunnskap og handling. hovedfag i arkcologi,8,1,58
258,straume1984,"Smeden i jernalderen. Bofast, ikke bofast, hoy eller lav status. Universitetets Oldsaksamlings Arbok",9,1,58
258,maret1980,Ceux qui jouen t avec la feu. La place du Forge ron cn Afriq ue Centr ale,10,1,58
226,oye2016,Agrarian technology and land use in Scandinavian landscapes c. 800-1300 AD,1,56,57
226,boserup1965,The Conditions of Agricultural Growth. The Economics of Agrarian Change under Population Pressure,2,1,57
226,kaland1987,Viking/medieval Settlement in the Heathland Area of Nordhordland,3,1,57
226,steensberg1956,"Bebyggelsen på landet i Danmark i historisk tid. Nordisk Kultur XIII, Lantbruk och bebyggelse",4,1,57
226,orrman2003,"The Cambridge History of Scandinavia 1, Prehistory to 1520",5,1,57
226,fischer2004a,Tidlige Dandske Vandmøller,6,1,57
226,oye2003,Outfi Elds as Part of the Medieval Farm -Four Archaeological Case Studies From Western Norway,7,1,57
226,munch1966,Gårdshauger i Nord-Norge,8,1,57
226,svartkristiansen2006,Bag gårdleddet. arkaeologiske studier af den middelalderlige bondegård i danmark,9,1,57
226,berglund1991,The Cultural Landscape During 6000 Years in Southern Sweden -the Ystad Project,10,1,57
61,perry2016,Pottery production in Anglo-Scandinavian Torksey (Lincolnshire): Reconstructing and contextualising the chaîne opératoire,1,54,55
61,bryant1977,"Experimental kiln firings at Barton-on-Humber, S Humberside 1971",2,1,55
61,kilmurry1980,"The Pottery Industry of Stamford, Lincs c AD 850-1250",3,1,55
61,miles1989,A Late Saxon Kiln Site at Silver Street Lincoln,4,1,55
61,vince2009,The Anglo-Saxon Pottery,5,1,55
61,orton1993,Pottery in Archaeology,6,1,55
61,rye1981,Pottery Technology: Principles and Reconstruction,7,1,55
61,field1990,"Castle Farm, Torksey: exploratory excavations, (unpubl rep",8,1,55
61,garrigos2001,"Chemical and Mineralogical Alteration of Ceramics From a Late Bronze Age Kiln at Kommos, Crete: The Effect on the Formation of a Reference Group",9,1,55
61,rowe2008,Archaeological Evaluation Report,10,1,55
73,mainland2018,The Nature of the Feast: Commensality and the Politics of Consumption in Viking Age and Early Medieval Northern,1,54,55
73,bond2007,"In Excavations at Pool, Sanday. A Multi-Period Settlement from Neolthic to Late Norse Times",2,1,55
73,fraser2009,From Caledonia to Pictland: Scotland to 795,3,1,55
73,harland2006,"Zooarchaeology in the Viking Age to Medieval Northern Isles, Scotland: An Investigation of Spatial and Temporal Patterning",4,1,55
73,barret2000,What was the Viking Age and when did it happen? A view from Orkney,5,1,55
73,noddle1977,"Appendix 1. The Animal Bones from Buckquoy, Orkney",6,1,55
73,rowleyconwy1983,The Animal and Bird Bones,7,1,55
73,hultgard2008,The religion of the Vikings,8,1,55
73,batey1993a,A Norse Horizontal Mill in Orkney,9,1,55
73,sykes2010a,Knives and Halls: Social Change in Early Medieval England,10,1,55
181,androshchuk2010,The Gift to Men and the Gift to the Gods: Weapon Sacrifices and the Circulation of Swords in Viking Age Society,1,54,55
181,cross1914,The Russian Primary Chronicle. Laurentian Text,2,1,55
181,luhmlund1961,universitets Historiska museum) 9999 Hällestads,3,1,55
181,pedersen1995,"Vikingetidens grave med våben og hestudstyr i det gammel danske område -inventar og datering, idé og hensigt",4,1,55
181,arbman1969,Armes scandinaves de l'époque viking en France,5,1,55
181,smidt1991,Kurgannyj mogilnik u pos. Novoselki. Smolenskie drevnosti. Vypusk 4: Kurgannye mogilniki VIII-X vekov centralnoj 7asti Smolenskogo Podneprovja,6,1,55
181,thunmarknylen1995,"Produksjon og samfunn. Om erverv, specialisering og bosetning i Norden i 1. årtusen e.Kr. Beretning fra 2. nordiske jernaldersymposium på Granvolden Gjaestgiveri 7.-10. mai 1992 (Universitetets Oldsaksamling, Varia 30)",7,1,55
181,chase1979,The Dating of Beowulf,8,1,55
181,gansum1991,Rituell bruk av bein,9,1,55
181,schulzedorrlamm1987,Ein Herrschaftszeichen des Saliers Heinrich IV. und des Welfen Otto IV,10,1,55
169,bonde2016,Between Sutton Hoo and Oseberg -Dendrochronology and the origins of the ship burial tradition,1,53,54
169,brathen1982,Dendrokronologisk serie från västra Sverige 831-1975. Rapport RAÄ 1982:1. Stockholm: Riksantikvarieämbetet och Statens Historiska Museer,2,1,54
169,myking2011,"Nuclear genetic markers indicate Danish origin of the Norwegian beech (Fagus sylvatica L.) populations established in 500-1,000 AD",3,1,54
169,christensen2007b,Forhistorisk dendrokronologi i Danmark,4,1,54
169,christensen2004a,Den lange kurve,5,1,54
169,euforgen2009,European Forest Genetic Resources Programme. Distribution Maps,6,1,54
169,mullerwille1995,The ship as symbol in prehistoric and medieval scandinavia. Copenhagen: National Museum of Denmark,7,1,54
169,naess1969,Grav i båt eller båt i grav. Stavanger Museum Årbok,8,1,54
169,baillie1982,Tree-Ring Dating and Archaeology,9,1,54
169,opedal2005,Kongens død i et førstatlig rike. skipsgravritualer i avaldsnes-området og aspekter ved konstituering av kongemakt og kongerike 700-950 e.kr,10,1,54
171,jahnsen2016,Den sosiale konstruksjon av den norske viking,1,53,54
171,haavardsholm2004,Vikingtiden Som 1800-Tallskonstruksjon,2,1,54
171,shetelig1910,Av det moderne aandsarbeide. arkaeologien i nutiden,3,1,54
171,harke1998,Archaeologists and Migrations: A Problem of Attitude?,4,1,54
171,eikrem2005,Har Arkeologien Framleis Ein Nasjonal Agenda?,5,1,54
171,prescott2013,Recurrent Themes: Indo-Europeans in Norwegian Archaeology,6,1,54
171,gjerde2010,Tilfeldig? Neppe. Finsk-urgiske smykker i Sør-Norge,7,1,54
171,atkinson1996,Nationalism and archaeology: Scottish Archaeological Forum,8,1,54
171,myhre1994,Arkeologi og politikk: en arkeo-politisk analyse av faghistoria i tida 1900-1960. varia 26,9,1,54
171,simonsen1967,"Relations between the Lapps and the Scandinavians in early times -an archaeological survey. I Lapps and Norsemen in olden times, redigert av I. Hoff, s.65-77",10,1,54
261,bitzthorsen2018,Domestic cats (Felis catus) in Denmark have increased significantly in size since the Viking Age,1,53,54
261,damm2000,"Vildkatten, felis silvestris silvestris, og dens historie og udbredelse i skandinavien i den postglaciale tid",2,1,54
261,ewing1981,Fur in dress,3,1,54
261,jansen1988,Svendborg in the Middle Agesan Interdisciplinary Investigation,4,1,54
261,oconnor2004,The Archaeology of Animal Bones,5,1,54
261,meadow1989,"The Walking Larder: Patterns of Domestication, Pastoralism, and Predation",6,1,54
261,neer2014,More evidence for cat taming at the Predynastic elite cemetery of Hierakonpolis (Upper Egypt),7,1,54
261,cluttonbrock1999,A Natural History of Domesticated Mammals. 2nd,8,1,54
261,davis1978,"Evidence for domestication of the dog 12,000 years ago in the natufian of israel",9,1,54
261,mohl2010,Dyreknogler fra Naesbyholm Storskov. En plads fra aeldre romersk Jernalder,10,1,54
33,magnell2010,Veitstu hvé blóta skal: The Old Norse blót in the light of osteological remains from Frösö Church,1,52,53
33,holmgren1985,Kyrklägdan i ås. arkeologisk undersökn-ing av en boplats från folkvandringstid till medeltid,2,1,53
33,lindeblad1997,"Kungens gods i Borg. Om utgrävningarna vid Borgs säteri: arkeologisk slutundersökning, Borgs säteri 6702",3,1,53
33,behrensmeyer1978,Taphonomic and Ecologic Information From Bone Weathering,4,1,53
33,nordberg2006,Kalendrar och kalendariska riter i det förkristna Norden. (Acta Academiae Regiae Gustavi Adolphi 91.) Uppsala: Kungl. Gustav Adolfs Akademien för svensk folkkultur,5,1,53
33,nasstrom1988,Surface Modification on Bone; Trampling Versus Butchery,6,1,53
33,sjodin1980,Får,7,1,53
33,lyman1994,Vertebrate Taphonomy,8,1,53
33,noenygaard1990,Seventeen wild boar mandibles from Slude-gårds Sömosse -Offal or sacrifice?,9,1,53
33,holm2006,The dating of Västerhus cemetery. A contribution to the study of Christianization of Jämtland,10,1,53
189,gotfredsen2014,"A Ritual Site with Sacrificial Wells from the Viking Age at Trelleborg, Denmark",1,52,53
189,morris2008,"Re-examining associated bone groups from Southern England and Yorkshire, c. 4000 BC to AD 1550. Thesis (PhD)",2,1,53
189,faulkes1995,Snorri Sturluson Edda,3,1,53
189,gotfredsen2003,Troens billeder. Romansk kunst i Danmark [Images of belief,4,1,53
189,grimm2008,"A dog's life: animal bone from a Romano-British ritual shaft at Springhead, Kent (UK)",5,1,53
189,hatting1978,Zoologisk Beskrivelse Af Dyreknoglerne Fra Sb,6,1,53
189,hillson2000,Dental pathology,7,1,53
189,may1985,Widerristhöhe und langenknochenmasse bei pferdenein immer noch aktuelles problem,8,1,53
189,degerbol1948a,Dyreknogler fra Trelleborg,9,1,53
189,alexandersen1998,Aspects of teeth from archaeologic sites in Sweden and Denmark,10,1,53
30,lund2013,"Irmelin 2002 Smeden og hans produkter i norsk vikingtid. I UKM -en mangfoldig forskningsinstitusjon, redigert av Ellen Høigård Hofseth, s",1,51,52
30,fredriksen2006,Moving Closer to the Fire: Heat Transformations and Bucket-Shaped Pots in Burials,2,1,52
30,havamal1971,Copenhagen: Ejnar Munksgaard. HymiskviDa,3,1,52
30,gjerpe2005a,Gravene: en kort gjennomgang,4,1,52
30,bynum1991,Fragmentation and Redemption : Essays on Gender and the Human Body in Medieval Religion,5,1,52
30,andersen1960,Hovedstaden i Riget. Nationalmuseets arbejdsmark,6,1,52
30,andersson2005b,With Thor on our side: the symbolism of the Thor hammer-ring in Viking Age burial ritual,7,1,52
30,fowler2011,The Oxford Handbook of Ritual and Religion in Archaeology,8,1,52
30,rebaysalisbury2010,Body Parts and Bodies Whole: Introduction,9,1,52
30,kleiminger1993a,Gravformer og gravskik i vikingetidens Danmark,10,1,52
36,zachrisson2014a,Rotary Querns and Bread: A Social History of Iron Age Sweden,1,51,52
36,belmont2011,"Le Mont Vouan (south Eastern France): 2000 Years of a Vast, Open-Air and Underground Quern and Millstone Quarry",2,1,52
36,kresten1998,"Malung eller sala? diskussion av kvarnstensbrottens betydelse från vikingatid till nyare tid. geoarkeologiskt laboratorium, riksantikvarieämbetet, uppsala. forskningsrapport riksantikvarieämbetet, avdelningen för arkeologiska undersökningar",3,1,52
36,hallgren2004,"En folkvandringstida gård invid Hedströmmen. Väg 250. Lokal 6. Arkeologisk undersökning RAÄ 262 Torp 1:17 och Torp 1:18, Kolsva sn, Västmanland. Västmanlands läns museum",4,1,52
36,olausson2000,"Fållnäs. Arkeologiska undersökningar. Del 2. Ett vikingatida gravfält, RAÄ 518 vid Fållnäs gård, Sorunda sn",5,1,52
36,pettersson1980,Malungsfolkets kvarnstenshuggning i äldre tid,6,1,52
36,drobin1986,Mjödet och ofersymboliken i fornnordisk religion,7,1,52
36,gumaeliusnda,Några ord till upplysning om bladet Sala. Sveriges Geologiska Undersökningar Serie Aa 26,8,1,52
36,elfwendahl1993,"Geoarkeologi inom kvarteret bryggaren, arkeologiska artefakter av sten från det medeltida uppsala",9,1,52
36,zachrisson2013,Egendom och ära -bebyggelseförändring i mellansverige 200-1000,10,1,52
79,nielsen2011,Boathouses as Indicators of Ethnic Interaction?,1,51,52
79,auestad1992,"En usedvanlig nausttuft pa ˚Nordbø, Rennesøy, Fra ´haug ok heiðni",2,1,52
79,bratrein1991,Nordnorske stadnamn med ''skei'' á ei alternativ tolking,3,1,52
79,nilsen1998,Jernaldernaust pa ˚Vestva ˚gøy i Lofoten,4,1,52
79,hinsch1960,Naust og hall i jernalderen,5,1,52
79,nilsen1995,Nausttufter i nord-norge. distribusjon og kronologi relatert til samtidige ba ˚ttyper og havniva ˚,6,1,52
79,johansen1978,De nordnorske tunanleggene i jernalderen,7,1,52
79,olsen2000,Bilder fra fortida? representasjoner av samisk kultur i samiske museer,8,1,52
79,rolfsen1974,Ba ˚tnaust pa ˚Jaerkysten,9,1,52
79,rolfsen1990,A ˚kernauset,10,1,52
102,helama2017,Dark Ages Cold Period: A literature review and directions for future research,1,51,52
102,ulgen2012,Climatic and environmental evolution of Lake Iznik (NW Turkey) over the last ~ 4700 years,2,1,52
102,vanloon1978,The seesaw in winter temperatures between Greenland and Northern Europe. Part I: General description,3,1,52
102,folland2009,"The summer North Atlantic Oscillation: Past, present, and future",4,1,52
102,bond1997,A pervasive millennial-scale cycle in North Atlantic Holocene and Glacial climates,5,1,52
102,ribeiro2012,Climate variability in West Greenland during the past 1500 years: Evidence from a high-resolution marine palynological record from Disko Bay,6,1,52
102,zhong2014,"Evidence of late-Holocene climate variability in the western Nanling Mountains, South China",7,1,52
102,bradley1993a,Little Ice Age' summer temperature variations: Their nature and relevance to recent global warming trends,8,1,52
102,andresen2010,Interaction Between Subsurface Ocean Waters and Calving of the Jakobshavn Isbrae During the Late-Holocene,9,1,52
102,jones2014,Winter-responding proxy temperature reconstructions and the North Atlantic Oscillation,10,1,52
175,hilberg2014,"Viking Age Hedeby and its relations with Iceland and the North Atlantic: Communication, long-distance trade, and production",1,51,52
175,armbruster2002,Goldschmiede in Haithabu -ein Beitrag zum frühmittelalterlichen Metallhandwerk,2,1,52
175,lysehansen2000,"Roman Cities, Emporia and New Towns (Sixth-Ninth Centuries)",3,1,52
175,vogel1983,Archäologische Stadtkernforschung in Schleswig 1969-1982,4,1,52
175,noonan2000,Volga Bulghāria's TenthCentury Trade with Sāmānid Central Asia,5,1,52
175,holt1998b,Fynd av mynt från vikingatiden på Island,6,1,52
175,warmlander2010,Metallurgical Findings from a Viking Age Chieftain's Farm in Iceland,7,1,52
175,kaland1995a,"The settlement of Westness, Rousay",8,1,52
175,marold2001a,Haithabu in der altisländischen Literatur,9,1,52
175,hilberg2007,Haithabu im 11. Jahrhundert: auf der Suche nach dem Niedergang eines dänischen emporiums der Wikingerzeit,10,1,52
256,magi2011,Viking Age and Early Mediaeval Eastern Baltic Between the West and the East,1,51,52
256,melnikova2007,The Baltic policy of Jaroslav the Wise,2,1,52
256,opik1970,Vadjalastest ja isuritest XVIII saj. lépul. Emograafilisi ja lingyistilisi materjale Fjodor Tumanski Peterburi kubermangu kirjelduses,3,1,52
256,macane2001,"Geographical Situation, Chronological Development and Early Economy: A Comparative Analysis of Two Hillfort-Settlement Complexes in Semigallia 900-1400 Ad",4,1,52
256,ynglingatal2011,"The Ynglinga Saga, or The Story of the Yngling Family from Odin to Halfdan the Black",5,1,52
256,gurevitch1970,O Vremeni Bozniknovenija Gorodoy Na Territorii Belorussii,6,1,52
256,page1995,"Chronicles of the Vikings: Records, Memorials and Myths",7,1,52
256,bonnellnd,Russisch-Liwlandische Chronographie von der Mitte des neunten Jahrhunderts bis zum Jahre 1410,8,1,52
256,valtonen2007,"Othere's Voyages. A late 9""-century account of voyages along the coasts of Norway and Denmark and its cultural context, Maritime Culture of the North",9,1,52
256,jansson2000,Östersjöländerna och vikingatiden,10,1,52
304,zachrisson2014,Okänd och misskändskinnskrapan R. 416. Ombytta könsroller i Mellanskandinaviens yngre järnålder,1,50,51
304,olson2004,"Till fest och vardag. En osteologisk analys av djurben från terrass 4, husgrupp II på Helgö. Seminarieuppsats i osteoarkeologi. Stockholms universitet",2,1,51
304,schovsbo1987,Oldtidens vogne i norden. arkaeologiske undersøgelser af moseog jordfundne vogndele af trae fra neolitikum til aeldre middelalder,3,1,51
304,brereton1987,Sacred space,4,1,51
304,jorpeland2008,Landskapets noder. gården i ett långt tidsperspektiv,5,1,51
304,lindkvist2007,Husby i Glanshammar. Ett centrum för makt och rikedom,6,1,51
304,capelle1995,Anthropomorphe Holzidole in Mittel-und Nordeuropa,7,1,51
304,annuswer2007,De arkeologiska undersökningarna vid Hassle,8,1,51
304,hamilton2007,"Gårdsbebyggelse under folkvandringstid"". I: Johan Anund (red.), Gården, tingen, graven. Arkeologiska perspektiv på Mälardalen. (Riksantikvarieämbetet, arkeologiska undersökningar. Skrifter 71.) Stockholm: Avdelningen för arkeologiska undersökningar",9,1,51
304,holmqvist1980,Vikingar på Helgö och Birka,10,1,51
2,heenpettersen2018,An insular reliquary from Melhus: The significance of insular ecclesiastical material in early Viking-Age Norway,1,49,50
2,anderson1909,The architecturally shaped shrines and other reliquaries of the early Celtic Church in Scotland and Ireland,2,1,50
2,floinn2013,"Das heilige in bewegung: reliquien, reliquiare und insignien in der frühen kirche irlands",3,1,50
2,lucas1967,"The Plundering and Burning of Churches in Ireland, 7th to 16th Century",4,1,50
2,murray2014,The Breac Maodhóg: a unique medieval Irish reliquary,5,1,50
2,connolly1987,Cogitosus: life of Saint Brigit,6,1,50
2,omeadhra1988,Skibe i Ranveigs skrin,7,1,50
2,rosedahl1992,From Viking to Crusader: Scandinavia and Europe 800-1200,8,1,50
2,holtsmark1989,Norrøn Mytologi: tru og mytar i vikingtida,9,1,50
2,magnus1932,Brooches on the move in migration period Europe,10,1,50
18,eriksen2013,Doors to the dead: The power of doorways and thresholds in Viking Age Scandinavia,1,49,50
18,unwin2009,Analysing Architecture,2,1,50
18,ibnfadlan2012,Ibn Fadlan and the Land of Darkness: Arab Travellers in the Far North,3,1,50
18,graslund2001b,Kontinuitäten und Brüche in der Religionsgeschichte. Festschrift für Anders Hultgård zu seinem 65,4,1,50
18,geschwind2005,Gravseden med kantrännor runt högar och stensättingar i sverige,5,1,50
18,stutz2010,"The Way We Bury Our Dead. Reflections on Mortuary Ritual, Community and Identity at the Time of the Mesolithic-Neolithic Transition",6,1,50
18,eriksen2011,"Hallen og landskapet. monumentalitet, liminalitet og transformasjon",7,1,50
18,bertell2006,Where does Old Norse religion end? Reflections on the term Old Norse religion,8,1,50
18,davidson1968,The road to hell. A study of the conception of the dead in Old Norse literature,9,1,50
18,tuan1977,Space and place. The perspective of experience,10,1,50
124,christiansen2019,"Metal-Detected Late Iron Age and Early Medieval Brooches From the Limfjord Region, Northern Jutland: Production, Use and Loss",1,49,50
124,ramskou1976,"Lindholm Høje gravpladsen. Nordiske fortidsminder, B:2. Lynge og Søn",2,1,50
124,henriksen1998,Detektorfund -hvad skal vi med dem?: dokumentation og registrering af bopladser med detektorfund fra jernalder og middelalder: rapport fra et bebyggelseshistorisk seminar på hollufgård den 26,3,1,50
124,jones2005,Signatures in the Soil: The Use of Pottery in Manure Scatters in the Identification of Medieval Arable Farming Regimes,4,1,50
124,haackolsen2005,Af tørvehusets saga,5,1,50
124,gjedssobertelsen1992,Urnesfibler in Danmark. Aarbøger for Nordisk Oldkyndighed Og Historie,6,1,50
124,christiansen2014,Central places in abundance? The eastern Limfjord area in the Late Iron Age and Viking Age,7,1,50
124,fallgren2016,"The Ritual Use of Brooches in Early Medieval Forts on Öland, Sweden",8,1,50
124,henriksen2002,Er Hjulby Nyborgs forgaenger? Fynske minder 2002. Odense bys museer,9,1,50
124,lonborg1999,Vikingetidens Metalbearbejdning,10,1,50
145,price2020,"Human Remains, Context, and Place of Origin for the Salme, Estonia, Boat Burials",1,40,50
145,price2016,"Comparative Perspectives on past Colonisation, Maritime Interaction and Cultural Integration",2,24,50
145,peets2013,Salme ship burials,3,2,50
145,oras2016,Tracing prehistoric migration: Isotope analysis of Bronze and Pre-Roman Iron age coastal burials in Estonia,4,2,50
145,sillen1982,Strontium and paleodietary research: A review,5,2,50
145,kohn1996,Predicting Animal Delta O-18: Accounting for Diet and Physiological Adaptation,6,2,50
145,white2000a,Human osteology,7,2,50
145,price1985a,Traces of Late Archaic subsistence in the Midwestern United States,8,2,50
145,dansgaard1964,Stable Isotopes in Precipitation,9,2,50
145,ruff2012,Stature and Body Mass Estimation From Skeletal Remains in the European Holocene,10,2,50
150,hedeager2010,Split Bodies in the Late Iron Age/ Viking Age of Scandinavia,1,48,50
150,hedeager2003,Kognitiv Topografi : !Edelmetalldepoter I Landskapet. Universitetets Oldsaksamlings Skrifter,2,38,50
150,hoilundnielsen2002,Germansk dyrestil (Salins stil I-III),3,2,50
150,glosecki1989a,Shamanism and Old English Poetr�,4,2,50
150,haselof1956,Die langobardischen Goldblattkreuze. Ein Beitrag zur Frage nach dem Ursprung von Stil II,5,2,50
150,raudvere2001,Trolldóm in Early Medieval Scandinavia,6,2,50
150,hardh2004,He Metal Beaker with Embossed Foil Bands,7,2,50
150,haselof1984,Stand der Forschung: Stilgeschichte Völkerwanderungs-und Merowingerzeit,8,2,50
150,speake1980a,�nglo-Saxon �nimal �rt and its �ermanic Background,9,2,50
150,bohner1991,Die frühmittelalterlichen Silberphaleren aus Eschwege (Hessen) und die nordischen Preßblechbilder,10,2,50
195,roesdahl2011,"Scandinavia in the Melting-Pot, 950-1000",1,49,50
195,dulinicz2002,Forschungen zu den Herrschaftszentren des 10. bis 11. Jahrhunderts in Polen,2,1,50
195,andersen1984a,Die Haltung Danemarks im Jahre 983,3,1,50
195,meulengrachtsorensen1997,Religions old and new,4,1,50
195,pedersen2006a,The Jelling Monuments -Ancient royal memorials and modern world heritage site,5,1,50
195,carver2001,"Why That, Why There, Why Then? The Politics of Early Medieval Monumentality",6,1,50
195,meulengrachtsorensen1991,"Høvdingen fra Mammen og Egill Skalla-Grímssons saga. Iversen, M. (red.). Mammen. Grav, kunst og samfund i vikingetiden",7,1,50
195,vestergaard2007a,Monumentale skibssetninger i Danmark og Skane,8,1,50
195,miuillermertens1999,The Ottonians as kings and emperors,9,1,50
195,meier2002,Magdeburg zwischen Aachen und Jelling: Reprasentationsarchitektur als semiotisches System,10,1,50
207,sanmark2013a,Patterns of Assembly: Norse Thing Sites in Shetland,1,49,50
207,mccullough2000,Investigating portages in the Norse maritime landscape of Scotland and the Isles,2,1,50
207,brink2004a,Legal assembly sites in early Scandinavia,3,1,50
207,ringstad2006,"Tingvoll kyrkje. Gåta Gunnar gjorde. Senter for middelalderstudier, skrifter nr",4,1,50
207,riisoy2013,The Assembly Project: Debating the Thing in the North 1,5,1,50
207,smith2011,"Taxes, Tributes, and Tributary Lands in the Making of the Scandinavian Realm in the Middle Ages. ROSTRA books 7",6,1,50
207,ballantyne1999,Shetland Documents 1195-1579. Shetland Islands Council and Shetland Times,7,1,50
207,cant1975,The medieval churches and chapels of Shetland,8,1,50
207,solvara2002,Løgtingið 150 -Hátíðarrit 1. Løgtingið og høvundarnir,9,1,50
207,dodgson1972,The Place-Names of Cheshire. Part Four: The Place-Names of Broxton Hundred and Wirral Hundred,10,1,50
69,baug2019,The beginning of the Viking Age in the West,1,48,49
69,hald1991,The Petrography of the Honestones,2,1,49
69,holand2001,Sustaining life. Vessel import to Norway in the first millenium AD,3,1,49
69,barrett2008b,The Norse in Scotland,4,1,49
69,curta2007a,The amber trail in early medieval eastern Europe,5,1,49
69,lonaas2001,Brynestein i middelalderen. en analyse av brynematerialet fra oslogate,6,1,49
69,jellema1955,Frisian Trade in the Dark Ages,7,1,49
69,askvik2014,Petrografisk Beskrivelse Av Skiferbrynene,8,1,49
69,wickham2008,Rethinking the Structure of the Early Medieval Cconomy,9,1,49
69,iversen2018,Emerging kingship in the 8th century? new datings of three courtyard sites in rogaland,10,1,49
144,leonard2011,Vikings in the Prehistoric Landscape,1,48,49
144,simpson1997,"Relict Properties of Anthropogenic Deep top Soils as Indicators of Inield Management in Marwick, West Mainland, Orkney",2,1,49
144,backlund2001,War or peace? he relations between the Picts and the Norse in Orkney,3,1,49
144,jorgensen2006,"Tracking Down the Aristocracy: Distribution Patterns and Coin Use at the Viking Manor and Market at Lake Tissø, Denmark",4,1,49
144,nicolaisen1976,Scottish Place-Names: heir Study and Signiicance,5,1,49
144,griiths2006,"Birsay and Skaill Orkney, Landscape Survey 2003-04",6,1,49
144,maher2009,Landscapes of life and death: social dimensions of a perceived landscape in Viking Age Iceland,7,1,49
144,griiths2011,"Birsay-Skaill landscape archaeology. Department for Continuing Education, university of Oxford",8,1,49
144,renfrew1979,Investigations in Orkney. he Society of Antiquaries of London,9,1,49
144,gibbon2008,Medieval parish formation in Orkney,10,1,49
71,pilo2018,"Oppland County Council, site report. On file at Innlandet County Council",1,47,48
71,graslund2012a,Twilight of the Gods? : The 'dust Veil Event' of Ad 536 in Critical Perspective,2,44,48
71,kullman1994,The Holocene History of a Subalpine Birch Forest Enclave: Subfossil Evidence From Central Sweden,3,2,48
71,young2012,Changes in Atmospheric Circulation and the Arctic Oscillation Preserved Within a Millennial Length Reconstruction of Summer Cloud Cover From Northern Fennoscandia,4,2,48
71,kelly2013,A continuous climatic impact on Holocene human population in the Rocky Mountains,5,2,48
71,reckin2013,Ice Patch Archaeology in Global Perspective: Archaeological Discoveries From Alpine Ice Patches Worldwide and Their Relationship with Paleoclimates,6,2,48
71,barbier2011,Scarcity and Frontiers: How Economies Have Developed Through Natural Resource Exploitation,7,2,48
71,helama2012,Fennoscandia 7500Yr Pollen-TreeRing July Temperature Reconstruction. IGBP PAGES/WDCA Contribution Series. Boulder CO: IGBP PAGES/World Data Center for Paleoclimatology,8,2,48
71,lee2017,"Ice Patch Hunting in the Greater Yellowstone Area, Rocky Mountains, Usa: Wood Shafts, Chipped Stone Projectile Points, and Bighorn Sheep (Ovis Canadensis)",9,2,48
71,callanan2013a,Melting snow patches reveal Neolithic archery,10,2,48
104,zachrisson2017,The Background of the Odal Rights: An Archaeological Discussion,1,47,48
104,ahlen1994,Runinskrifter i Hälsinglands runinskrifter,2,1,48
104,gustavson1995,"Rannsakningar Efter Antikviteter, Ett Symposium Om 1600-Talets Sverige. Kungliga Vitterhets Historie Och Antikvitetsakademien Konferenser 30",3,1,48
104,nelson2013,Women and laws in early medieval Europe,4,1,48
104,gren2003,"Röjningsröseområden på sydsvenska höglandet, arkeologiska, kulturgeografiska och vegetationshistoriska undersökningar",5,1,48
104,andersson2004a,"Svethiudh, det svenska rikets kärna",6,1,48
104,collen2011,Der rätselhafte Gott. Himdallr im Licht altnordischer Vorstellungen von Ahnen und Ordnung,7,1,48
104,devries1961,Altnordisches etymologisches Wörterbuch,8,1,48
104,taranger1913,"The meaning of the words ""oðal"" and ""skeyting' in the Old Laws of Norway",9,1,48
104,ljung2016,Under runristad häll. tidigkristna gravmonument i 1000-talets sverige. stockholm studies in archaeology,10,1,48
278,gardela2008,Into Viking Minds: Reinterpreting the Staffs of Sorcery and Unraveling Seiðr. Viking and Medieval Scandinavia,1,46,48
278,price2005,The First Settlers of Iceland: An Isotopic Approach to Colonisation,2,45,48
278,ingstad1995,"Götavi. Hydda Frân Senneolitikum, Kultplats Och Torpbebyggelse Frân Vikingatiden",3,3,48
278,wasko2006,Saga o Grenlandczykach: Saga o Eryku Rudym. Wikingowie na Grenlandii i w Ameryce,4,2,48
278,moszynski1967,"Kultura Ludowa Słowian , II Część I: Kultura Duchowa",5,2,48
278,motz1996,"The King, the Champion and the Sorcerer. A Study in Germanic Myth",6,2,48
278,hollander2002,Snorri Sturluson. Heimskringla: History of the Kings of Norway,7,2,48
278,arrenhius1961,Vikingatidens Miniatyrer,8,2,48
278,palsson1972,Hrolf Gautreksson: a Viking romance,9,2,48
278,wujewski1991,Anatolian Sepulchral Stelae in Roman Times,10,2,48
308,andren2002b,Platsernas betydelse: norrön ritual och kultplatskontinuitet,1,47,48
308,edsman1967,Kulturhistorish T Lexikon for Nordisk Medeltid,2,1,48
308,sverdrup1942,Da Norge ble kristnet. En religionssos tologisk studie,3,1,48
308,norberg1958,Dopfunt,4,1,48
308,johansson1965,Kyrktagning,5,1,48
308,holmbick1933,Ostgotalage n och Upplandslagen. Svenska Landskapsl agar I,6,1,48
308,lindgren1987,Tanke Och Tro. Aspekter Pa Medeltidens Tankevirld Och Frombhetsliv,7,1,48
308,arkeologisk1981,Hugo Johannsen & Kirkens huse,8,1,48
308,devries1970,I. Altgermanische Religionsgeschichte 1. Grundriss der germanischen Philologie 12/I,9,1,48
308,eisenhofer1950,Handbuch der katholischen Liturgik,10,1,48
48,frei2015,Tracing the Dynamic Life Story of a Bronze Age Female,1,46,47
48,degerbol1929,"Animal Bones from the Norse Ruins at Gardar, Greenland",2,1,47
48,jonsson1930,Det gamle Grønlands Beskrivelse af Ívar Bárðarson,3,1,47
48,petersen1993c,Rostungur vid Island ad fornu of nyju,4,1,47
48,seaver2009,Desirable Teeth: The Medieval Trade in Arctic and African Ivory,5,1,47
48,white1998,Dietary patterns and social structures in medivalues in human skeletal remains,6,1,47
48,roussell1936,Sandnes and the Neighbouring Farms,7,1,47
48,robinson2004,The Lewis Chessmen,8,1,47
48,degerbol1936,Animal Remains from the West Settlement in Greenland with Special Reference to Livestock,9,1,47
48,stefansson1993,Iceland,10,1,47
105,eriksen2017,Don't all mothers love their children? Deposited infants as animate objects in the Scandinavian Iron Age,1,46,47
105,runge2009,Nørre hedegård: en nordjysk byhøj fra aeldre jernalder,2,1,47
105,roslund1990,Nittiotalets medeltidsarkeologi och det döda barnet,3,1,47
105,menotti2014,Gifts for the Gods': Lake-Dwellers' Macabre Remedies against Floods in the Central European Bronze Age,4,1,47
105,hansen2006,Offertradition og religion i aeldre jernalder i sydskandinavien -med saerlig henblikk på bebyggelsesofring,5,1,47
105,ucko1969,Ethnography and Archaeological Interpretation of Funerary Remains,6,1,47
105,pentikainen1990,Child Abandonment as an Indicator of Christianization in the Nordic Countries,7,1,47
105,cannon2015,Infant Death and the Archaeology of Grief,8,1,47
105,toedter2001,International Comparison of Studies Using the Perinatal Grief Scale: A Decade of Research on Pregnancy Loss,9,1,47
105,mithen2000,Comment on Sarah Tarlow,10,1,47
64,price2014,"Galgedil: Isotopic studies of a Viking cemetery on the Danish island of Funen, AD 800-1050",1,44,46
64,price2014b,Nine paces from Hel: time and motion in Old Norse ritual performance,2,14,46
64,frioriksson2013,La Place du mort. Les Tombes Vikings dans le Paysage Culturel Islandais Ecole doctorale IV,3,2,46
64,svensson2010,Götavi -En Vikingatida Kultplats I Närke,4,2,46
64,roberts2009,Journey to the Dead: The Litlu-Nüpar Boat Burial,5,2,46
64,pentz2013,The Fyrkat Woman,6,2,46
64,andersson2008f,"Gestalter Och Gestaltningar: Om Tid, Rum Och Händelser Pà Lunda",7,2,46
64,sjosvard1989,HaukR -En Rinker Frân Vallentuna,8,2,46
64,hallansstenholm2010,Lilla Ullevi -En Kultplats,9,2,46
64,gunnell2008,The Performance of the Poetic Edda,10,2,46
72,downham2016,Coastal communities and diaspora identities in Viking Age Ireland,1,45,46
72,collingwood1927,Christian Vikings,2,1,46
72,murray2004,"The Arm-Shaped Reliquary of St Lachtin: Technique, Style and Significance",3,1,46
72,jesch2008,Myth and cultural memory in the Viking diaspora,4,1,46
72,stacey2007,Dark Speech: The Performance of Law in Early Ireland,5,1,46
72,mcniven2003,"Saltwater People: Spiritscapes, Maritime Rituals and the Archaeology of Australian Indigenous Seascapes",6,1,46
72,sigurdsson2000,Gaelic Influence in Iceland. Historical and Literary Contacts: A Survey of Research,7,1,46
72,tan1993,Chinese Peranakan Heritage in Malaysia and Singapore,8,1,46
72,wallace1987,The economy and commerce of Viking Age Dublin,9,1,46
72,ballard2003,The ship as symbol in the prehistory of Scandinavia and Southeast Asia,10,1,46
136,heenpettersen2014,Insular artefacts from Viking-Age burials from mid-Norway: A review of contact between Trøndelag and Britain and Ireland,1,45,46
136,trotzig1984,"GefässeausKupfer und seine Legierungen' in G. Arwidsson (ed) Birka. Untersuchungen und Studien 2:1, Systematische Analysen der Gräberfunde",2,1,46
136,haseloff1979,Kunst der Volkerwanderungszeit,3,1,46
136,petersen1919b,De norske vikingesvaerd,4,1,46
136,ofloinn1989,Secular Metalwork in the Eighth and Ninth Centuries,5,1,46
136,gaimster1991,Money and media in Viking Age Scandinavia,6,1,46
136,corrain1972,Ireland Before the Normans,7,1,46
136,de1995,Drinking horns in Ireland and Wales: documentary sources,8,1,46
136,blindheim1977,Vikingerpirater eller handelsmenn? noen refleksjoner over importmaterialet fra markedsplassen på kaupang,9,1,46
136,fagerland2008,Kulturarv i spenningsfeltet mellom før og nå,10,1,46
32,jessen2016,"Towering above -An interpretation of the Late Iron Age architecture at Toftum Naes, Denmark",1,44,45
32,terkildsen2014,Høvdingen på Toftum Naes,2,1,45
32,kuhn1995,Die Esesfeldburg,3,1,45
32,rosborn2004,Den skånska historien. Vikingar. Høllviken: Fotevikens Museum,4,1,45
32,devries1935,Altgermanische Religionsgeschichte I,5,1,45
32,bican2014,Bulbrogård and Runsa,6,1,45
32,skov1994,Hustyper i vikingetid og tidlig middelalder. udviklingen af hustyperne i det gammeldanske område fra ca. 800-1200 e.kr,7,1,45
32,boethius1931,"Hallar, Tempel och Stavkyrkor. Stuider till kännedomen om äldre nordisk monumentalarkitektur (Studier från den Zornska Institutet för Nordisk och Jämförande Konsthistoria vid Stockholms Högskola VII)",8,1,45
32,haseloff1942,Das Nordtor der Stellerburg,9,1,45
32,palm1937,Wendisches Kultstätten,10,1,45
231,mulk2007,"Liminality, Rock Art and the Sami Sacred Landscape",1,44,45
231,bradley1997,Death by water: Boats and footprints in the rock art of western Sweden,2,1,45
231,mebius1968,Studier i samernas förkristna offerriter (skrifter utgivna av religionshistoriska institutionen i uppsala 5),3,1,45
231,baudou1993,Hällristningarna vid nämforsen -datering och kulturmiljö,4,1,45
231,hultkrantz1978,"in Saami Pre-Christian Religion. Studies of the Oldest Traces of Religion among the Saamis (Acta Universitatis Stockholmensis, Stockholm Studies in Comparative Religion 25",5,1,45
231,ramqvist2002,Rock-Art and Settlement: Issues of Spatial Order in the Prehistoric Rock-Art of Fenno-Scandinavia,6,1,45
231,anttonen1992,The concept of pyhä (sacred) in pre-Christian Finnish religion,7,1,45
231,jordan2001,"The Materiality of Shamanism as a 'world-View': Praxis, Artefacts and Landscape",8,1,45
231,terebikhin1993,Cultural geography and cosmography of the Sami,9,1,45
231,tilley1991,Material Culture and Text. The Art of Ambiguity,10,1,45
253,fontaine2017,Early Medieval Slave-Trading in the Archaeological Record: Comparative Methodologies,1,44,45
253,mcdonough1995,Moriuht,2,1,45
253,jankowiak2012,Dirhams for slaves. Investigating the Slavic slave trade in the Tenth Century,3,1,45
253,toch2014,Was there a Jewish Slave Trade (or Commercial Monopoly) in the Early Middle Ages?,4,1,45
253,machacek2017,Monetisation' in the Context of Great Moravia: The Case of Kostice and Its Coin Finds,5,1,45
253,machacek2010,The Rise of Medieval Towns and States in Central,6,1,45
253,machacek2013,Monetisation of Early Medieval Moravia in Light of New Archaeological Discoveries in the Lower Dyje Region (Czech Republic),7,1,45
253,thiaw2011,"Slaves without Shackles: An Archaeology of Everyday Life on Gorée Island, Senegal",8,1,45
253,schuldt2011,Frühmittelalterliche Burgwälle an der Mittleren Donau im Ostmitteleuropäischen Kontext: Ein Deutschslowakisches Forschungsprojekt,9,1,45
253,byrne1973,The Origins of Early Christian Ireland,10,1,45
83,svendsen2019,Two bandits or more? The case of Viking Age England,1,43,44
83,hillman2019,Public Finance and Public Policy: Responsibilities and Limitations of Government,2,1,44
83,spejlborg2016,There and back again: English connections in early medieval Denmark,3,1,44
83,vahabi2016,The Political Economy of Predation: Manhunting and the Economics of Escape,4,1,44
83,powell2009,Public Choice and the Economic Analysis of Anarchy: A Survey,5,1,44
83,hobbesnd,Leviathan,6,1,44
83,faith2014,The Blackwell encyclopaedia of Anglo-Saxon England,7,1,44
83,baker2010,Kings and Vikings: On the Dynamics of Competitive Agglomeration,8,1,44
83,olson2000,Power and Prosperity: Outgrowing Communist and Capitalist Dictatorships,9,1,44
83,gundlach2019,How Do High and Low Levels of Social Trust Affect the Long-Run Performance of Poor Economies,10,1,44
